[     226ms] [INFO] %cDownload the React DevTools for a better development experience: https://reactjs.org/link/react-devtools font-weight:bold @ http://localhost:4173/node_modules/.vite/deps/chunk-PJEEZAML.js?v=bd30edda:21550
[     256ms] [WARNING] ⚠️ React Router Future Flag Warning: React Router will begin wrapping state updates in `React.startTransition` in v7. You can use the `v7_startTransition` future flag to opt-in early. For more information, see https://reactrouter.com/v6/upgrading/future#v7_starttransition. @ http://localhost:4173/node_modules/.vite/deps/react-router-dom.js?v=bd30edda:4426
[     256ms] [WARNING] ⚠️ React Router Future Flag Warning: Relative route resolution within Splat routes is changing in v7. You can use the `v7_relativeSplatPath` future flag to opt-in early. For more information, see https://reactrouter.com/v6/upgrading/future#v7_relativesplatpath. @ http://localhost:4173/node_modules/.vite/deps/react-router-dom.js?v=bd30edda:4426
[     710ms] [VERBOSE] [DOM] Input elements should have autocomplete attributes (suggested: "current-password"): (More info: https://goo.gl/9p2vKq) %o @ http://localhost:4173/login:0
[   10615ms] [INFO] %cDownload the React DevTools for a better development experience: https://reactjs.org/link/react-devtools font-weight:bold @ http://localhost:4173/node_modules/.vite/deps/chunk-PJEEZAML.js?v=bd30edda:21550
[   10823ms] [WARNING] ⚠️ React Router Future Flag Warning: React Router will begin wrapping state updates in `React.startTransition` in v7. You can use the `v7_startTransition` future flag to opt-in early. For more information, see https://reactrouter.com/v6/upgrading/future#v7_starttransition. @ http://localhost:4173/node_modules/.vite/deps/react-router-dom.js?v=bd30edda:4426
[   10823ms] [WARNING] ⚠️ React Router Future Flag Warning: Relative route resolution within Splat routes is changing in v7. You can use the `v7_relativeSplatPath` future flag to opt-in early. For more information, see https://reactrouter.com/v6/upgrading/future#v7_relativesplatpath. @ http://localhost:4173/node_modules/.vite/deps/react-router-dom.js?v=bd30edda:4426
[   51743ms] [ERROR] WebSocket connection to 'ws://localhost:4173/?token=N6g1QJStji3q' failed:  @ http://localhost:4173/@vite/client:535
[   51743ms] [LOG] [vite] server connection lost. Polling for restart... @ http://localhost:4173/@vite/client:559
[   52759ms] [ERROR] Failed to load resource: net::ERR_CONNECTION_REFUSED @ http://localhost:4173/:0
[   53763ms] [ERROR] Failed to load resource: net::ERR_CONNECTION_REFUSED @ http://localhost:4173/:0
[   54768ms] [ERROR] Failed to load resource: net::ERR_CONNECTION_REFUSED @ http://localhost:4173/:0
[   55773ms] [ERROR] Failed to load resource: net::ERR_CONNECTION_REFUSED @ http://localhost:4173/:0
[   56776ms] [ERROR] Failed to load resource: net::ERR_CONNECTION_REFUSED @ http://localhost:4173/:0
[   57780ms] [ERROR] Failed to load resource: net::ERR_CONNECTION_REFUSED @ http://localhost:4173/:0
[   62968ms] [INFO] %cDownload the React DevTools for a better development experience: https://reactjs.org/link/react-devtools font-weight:bold @ http://localhost:4173/node_modules/.vite/deps/chunk-PJEEZAML.js?v=bd30edda:21550
[   63014ms] [WARNING] ⚠️ React Router Future Flag Warning: React Router will begin wrapping state updates in `React.startTransition` in v7. You can use the `v7_startTransition` future flag to opt-in early. For more information, see https://reactrouter.com/v6/upgrading/future#v7_starttransition. @ http://localhost:4173/node_modules/.vite/deps/react-router-dom.js?v=bd30edda:4426
[   63014ms] [WARNING] ⚠️ React Router Future Flag Warning: Relative route resolution within Splat routes is changing in v7. You can use the `v7_relativeSplatPath` future flag to opt-in early. For more information, see https://reactrouter.com/v6/upgrading/future#v7_relativesplatpath. @ http://localhost:4173/node_modules/.vite/deps/react-router-dom.js?v=bd30edda:4426
[  100542ms] [LOG] [vite] server connection lost. Polling for restart... @ http://localhost:4173/@vite/client:559
[  100546ms] [ERROR] Failed to load resource: net::ERR_CONNECTION_REFUSED @ http://localhost:4173/:0
[  101550ms] [ERROR] Failed to load resource: net::ERR_CONNECTION_REFUSED @ http://localhost:4173/:0
[  102554ms] [ERROR] Failed to load resource: net::ERR_CONNECTION_REFUSED @ http://localhost:4173/:0
[  103556ms] [ERROR] Failed to load resource: net::ERR_CONNECTION_REFUSED @ http://localhost:4173/:0
[  104559ms] [ERROR] Failed to load resource: net::ERR_CONNECTION_REFUSED @ http://localhost:4173/:0
[  105562ms] [ERROR] Failed to load resource: net::ERR_CONNECTION_REFUSED @ http://localhost:4173/:0
[  106566ms] [ERROR] Failed to load resource: net::ERR_CONNECTION_REFUSED @ http://localhost:4173/:0
[  107570ms] [ERROR] Failed to load resource: net::ERR_CONNECTION_REFUSED @ http://localhost:4173/:0
[  108574ms] [ERROR] Failed to load resource: net::ERR_CONNECTION_REFUSED @ http://localhost:4173/:0
[  109577ms] [ERROR] Failed to load resource: net::ERR_CONNECTION_REFUSED @ http://localhost:4173/:0
[  110580ms] [ERROR] Failed to load resource: net::ERR_CONNECTION_REFUSED @ http://localhost:4173/:0
[  111584ms] [ERROR] Failed to load resource: net::ERR_CONNECTION_REFUSED @ http://localhost:4173/:0
[  112588ms] [ERROR] Failed to load resource: net::ERR_CONNECTION_REFUSED @ http://localhost:4173/:0
[  113593ms] [ERROR] Failed to load resource: net::ERR_CONNECTION_REFUSED @ http://localhost:4173/:0
[  114596ms] [ERROR] Failed to load resource: net::ERR_CONNECTION_REFUSED @ http://localhost:4173/:0
[  115599ms] [ERROR] Failed to load resource: net::ERR_CONNECTION_REFUSED @ http://localhost:4173/:0
[  116603ms] [ERROR] Failed to load resource: net::ERR_CONNECTION_REFUSED @ http://localhost:4173/:0
[  117608ms] [ERROR] Failed to load resource: net::ERR_CONNECTION_REFUSED @ http://localhost:4173/:0
[  118610ms] [ERROR] Failed to load resource: net::ERR_CONNECTION_REFUSED @ http://localhost:4173/:0
[  119613ms] [ERROR] Failed to load resource: net::ERR_CONNECTION_REFUSED @ http://localhost:4173/:0
[  120617ms] [ERROR] Failed to load resource: net::ERR_CONNECTION_REFUSED @ http://localhost:4173/:0
[  121620ms] [ERROR] Failed to load resource: net::ERR_CONNECTION_REFUSED @ http://localhost:4173/:0
[  122624ms] [ERROR] Failed to load resource: net::ERR_CONNECTION_REFUSED @ http://localhost:4173/:0
[  123628ms] [ERROR] Failed to load resource: net::ERR_CONNECTION_REFUSED @ http://localhost:4173/:0
[  124632ms] [ERROR] Failed to load resource: net::ERR_CONNECTION_REFUSED @ http://localhost:4173/:0
[  125636ms] [ERROR] Failed to load resource: net::ERR_CONNECTION_REFUSED @ http://localhost:4173/:0
[  126640ms] [ERROR] Failed to load resource: net::ERR_CONNECTION_REFUSED @ http://localhost:4173/:0
[  127646ms] [ERROR] Failed to load resource: net::ERR_CONNECTION_REFUSED @ http://localhost:4173/:0
[  128649ms] [ERROR] Failed to load resource: net::ERR_CONNECTION_REFUSED @ http://localhost:4173/:0
[  129654ms] [ERROR] Failed to load resource: net::ERR_CONNECTION_REFUSED @ http://localhost:4173/:0
[  130656ms] [ERROR] Failed to load resource: net::ERR_CONNECTION_REFUSED @ http://localhost:4173/:0
[  131663ms] [ERROR] Failed to load resource: net::ERR_CONNECTION_REFUSED @ http://localhost:4173/:0
[  132668ms] [ERROR] Failed to load resource: net::ERR_CONNECTION_REFUSED @ http://localhost:4173/:0
[  133673ms] [ERROR] Failed to load resource: net::ERR_CONNECTION_REFUSED @ http://localhost:4173/:0
[  134678ms] [ERROR] Failed to load resource: net::ERR_CONNECTION_REFUSED @ http://localhost:4173/:0
[  135680ms] [ERROR] Failed to load resource: net::ERR_CONNECTION_REFUSED @ http://localhost:4173/:0
[  136683ms] [ERROR] Failed to load resource: net::ERR_CONNECTION_REFUSED @ http://localhost:4173/:0
[  137687ms] [ERROR] Failed to load resource: net::ERR_CONNECTION_REFUSED @ http://localhost:4173/:0
[  138692ms] [ERROR] Failed to load resource: net::ERR_CONNECTION_REFUSED @ http://localhost:4173/:0
[  139696ms] [ERROR] Failed to load resource: net::ERR_CONNECTION_REFUSED @ http://localhost:4173/:0
[  140700ms] [ERROR] Failed to load resource: net::ERR_CONNECTION_REFUSED @ http://localhost:4173/:0
[  141704ms] [ERROR] Failed to load resource: net::ERR_CONNECTION_REFUSED @ http://localhost:4173/:0
[  142706ms] [ERROR] Failed to load resource: net::ERR_CONNECTION_REFUSED @ http://localhost:4173/:0
[  143709ms] [ERROR] Failed to load resource: net::ERR_CONNECTION_REFUSED @ http://localhost:4173/:0
[  144712ms] [ERROR] Failed to load resource: net::ERR_CONNECTION_REFUSED @ http://localhost:4173/:0
[  145716ms] [ERROR] Failed to load resource: net::ERR_CONNECTION_REFUSED @ http://localhost:4173/:0
[  146721ms] [ERROR] Failed to load resource: net::ERR_CONNECTION_REFUSED @ http://localhost:4173/:0
[  147724ms] [ERROR] Failed to load resource: net::ERR_CONNECTION_REFUSED @ http://localhost:4173/:0
[  148728ms] [ERROR] Failed to load resource: net::ERR_CONNECTION_REFUSED @ http://localhost:4173/:0
[  149731ms] [ERROR] Failed to load resource: net::ERR_CONNECTION_REFUSED @ http://localhost:4173/:0
[  150733ms] [ERROR] Failed to load resource: net::ERR_CONNECTION_REFUSED @ http://localhost:4173/:0
[  151736ms] [ERROR] Failed to load resource: net::ERR_CONNECTION_REFUSED @ http://localhost:4173/:0
[  152740ms] [ERROR] Failed to load resource: net::ERR_CONNECTION_REFUSED @ http://localhost:4173/:0
[  153752ms] [ERROR] Failed to load resource: net::ERR_CONNECTION_REFUSED @ http://localhost:4173/:0
[  154758ms] [ERROR] Failed to load resource: net::ERR_CONNECTION_REFUSED @ http://localhost:4173/:0
[  155761ms] [ERROR] Failed to load resource: net::ERR_CONNECTION_REFUSED @ http://localhost:4173/:0
[  156764ms] [ERROR] Failed to load resource: net::ERR_CONNECTION_REFUSED @ http://localhost:4173/:0
[  157767ms] [ERROR] Failed to load resource: net::ERR_CONNECTION_REFUSED @ http://localhost:4173/:0
[  158771ms] [ERROR] Failed to load resource: net::ERR_CONNECTION_REFUSED @ http://localhost:4173/:0
[  159776ms] [ERROR] Failed to load resource: net::ERR_CONNECTION_REFUSED @ http://localhost:4173/:0
[  160779ms] [ERROR] Failed to load resource: net::ERR_CONNECTION_REFUSED @ http://localhost:4173/:0
[  161783ms] [ERROR] Failed to load resource: net::ERR_CONNECTION_REFUSED @ http://localhost:4173/:0
[  162786ms] [ERROR] Failed to load resource: net::ERR_CONNECTION_REFUSED @ http://localhost:4173/:0
[  163790ms] [ERROR] Failed to load resource: net::ERR_CONNECTION_REFUSED @ http://localhost:4173/:0
[  164796ms] [ERROR] Failed to load resource: net::ERR_CONNECTION_REFUSED @ http://localhost:4173/:0
[  165803ms] [ERROR] Failed to load resource: net::ERR_CONNECTION_REFUSED @ http://localhost:4173/:0
[  166806ms] [ERROR] Failed to load resource: net::ERR_CONNECTION_REFUSED @ http://localhost:4173/:0
[  167809ms] [ERROR] Failed to load resource: net::ERR_CONNECTION_REFUSED @ http://localhost:4173/:0
[  168812ms] [ERROR] Failed to load resource: net::ERR_CONNECTION_REFUSED @ http://localhost:4173/:0
[  169823ms] [ERROR] Failed to load resource: net::ERR_CONNECTION_REFUSED @ http://localhost:4173/:0
[  170827ms] [ERROR] Failed to load resource: net::ERR_CONNECTION_REFUSED @ http://localhost:4173/:0
[  171842ms] [ERROR] Failed to load resource: net::ERR_CONNECTION_REFUSED @ http://localhost:4173/:0
[  172845ms] [ERROR] Failed to load resource: net::ERR_CONNECTION_REFUSED @ http://localhost:4173/:0
[  173850ms] [ERROR] Failed to load resource: net::ERR_CONNECTION_REFUSED @ http://localhost:4173/:0
[  174854ms] [ERROR] Failed to load resource: net::ERR_CONNECTION_REFUSED @ http://localhost:4173/:0
[  175856ms] [ERROR] Failed to load resource: net::ERR_CONNECTION_REFUSED @ http://localhost:4173/:0
[  176861ms] [ERROR] Failed to load resource: net::ERR_CONNECTION_REFUSED @ http://localhost:4173/:0
[  177867ms] [ERROR] Failed to load resource: net::ERR_CONNECTION_REFUSED @ http://localhost:4173/:0
[  178870ms] [ERROR] Failed to load resource: net::ERR_CONNECTION_REFUSED @ http://localhost:4173/:0
[  179876ms] [ERROR] Failed to load resource: net::ERR_CONNECTION_REFUSED @ http://localhost:4173/:0
[  180880ms] [ERROR] Failed to load resource: net::ERR_CONNECTION_REFUSED @ http://localhost:4173/:0
[  181883ms] [ERROR] Failed to load resource: net::ERR_CONNECTION_REFUSED @ http://localhost:4173/:0
[  182886ms] [ERROR] Failed to load resource: net::ERR_CONNECTION_REFUSED @ http://localhost:4173/:0
[  183890ms] [ERROR] Failed to load resource: net::ERR_CONNECTION_REFUSED @ http://localhost:4173/:0
[  184893ms] [ERROR] Failed to load resource: net::ERR_CONNECTION_REFUSED @ http://localhost:4173/:0
[  185897ms] [ERROR] Failed to load resource: net::ERR_CONNECTION_REFUSED @ http://localhost:4173/:0
[  186911ms] [ERROR] Failed to load resource: net::ERR_CONNECTION_REFUSED @ http://localhost:4173/:0
[  187918ms] [ERROR] Failed to load resource: net::ERR_CONNECTION_REFUSED @ http://localhost:4173/:0
[  188921ms] [ERROR] Failed to load resource: net::ERR_CONNECTION_REFUSED @ http://localhost:4173/:0
[  189927ms] [ERROR] Failed to load resource: net::ERR_CONNECTION_REFUSED @ http://localhost:4173/:0
[  190931ms] [ERROR] Failed to load resource: net::ERR_CONNECTION_REFUSED @ http://localhost:4173/:0
[  191934ms] [ERROR] Failed to load resource: net::ERR_CONNECTION_REFUSED @ http://localhost:4173/:0
[  192937ms] [ERROR] Failed to load resource: net::ERR_CONNECTION_REFUSED @ http://localhost:4173/:0
[  193951ms] [ERROR] Failed to load resource: net::ERR_CONNECTION_REFUSED @ http://localhost:4173/:0
[  194954ms] [ERROR] Failed to load resource: net::ERR_CONNECTION_REFUSED @ http://localhost:4173/:0
[  195961ms] [ERROR] Failed to load resource: net::ERR_CONNECTION_REFUSED @ http://localhost:4173/:0
[  196970ms] [ERROR] Failed to load resource: net::ERR_CONNECTION_REFUSED @ http://localhost:4173/:0
[  197974ms] [ERROR] Failed to load resource: net::ERR_CONNECTION_REFUSED @ http://localhost:4173/:0
[  198977ms] [ERROR] Failed to load resource: net::ERR_CONNECTION_REFUSED @ http://localhost:4173/:0
[  199981ms] [ERROR] Failed to load resource: net::ERR_CONNECTION_REFUSED @ http://localhost:4173/:0
[  200986ms] [ERROR] Failed to load resource: net::ERR_CONNECTION_REFUSED @ http://localhost:4173/:0
[  201989ms] [ERROR] Failed to load resource: net::ERR_CONNECTION_REFUSED @ http://localhost:4173/:0
[  202992ms] [ERROR] Failed to load resource: net::ERR_CONNECTION_REFUSED @ http://localhost:4173/:0
[  203998ms] [ERROR] Failed to load resource: net::ERR_CONNECTION_REFUSED @ http://localhost:4173/:0
[  205002ms] [ERROR] Failed to load resource: net::ERR_CONNECTION_REFUSED @ http://localhost:4173/:0
[  206005ms] [ERROR] Failed to load resource: net::ERR_CONNECTION_REFUSED @ http://localhost:4173/:0
[  207009ms] [ERROR] Failed to load resource: net::ERR_CONNECTION_REFUSED @ http://localhost:4173/:0
[  208013ms] [ERROR] Failed to load resource: net::ERR_CONNECTION_REFUSED @ http://localhost:4173/:0
[  209016ms] [ERROR] Failed to load resource: net::ERR_CONNECTION_REFUSED @ http://localhost:4173/:0
[  210019ms] [ERROR] Failed to load resource: net::ERR_CONNECTION_REFUSED @ http://localhost:4173/:0
[  211022ms] [ERROR] Failed to load resource: net::ERR_CONNECTION_REFUSED @ http://localhost:4173/:0
[  212025ms] [ERROR] Failed to load resource: net::ERR_CONNECTION_REFUSED @ http://localhost:4173/:0
[  213028ms] [ERROR] Failed to load resource: net::ERR_CONNECTION_REFUSED @ http://localhost:4173/:0
[  214032ms] [ERROR] Failed to load resource: net::ERR_CONNECTION_REFUSED @ http://localhost:4173/:0
[  215036ms] [ERROR] Failed to load resource: net::ERR_CONNECTION_REFUSED @ http://localhost:4173/:0
[  216038ms] [ERROR] Failed to load resource: net::ERR_CONNECTION_REFUSED @ http://localhost:4173/:0
[  217044ms] [ERROR] Failed to load resource: net::ERR_CONNECTION_REFUSED @ http://localhost:4173/:0
[  218048ms] [ERROR] Failed to load resource: net::ERR_CONNECTION_REFUSED @ http://localhost:4173/:0
[  219051ms] [ERROR] Failed to load resource: net::ERR_CONNECTION_REFUSED @ http://localhost:4173/:0
[  220054ms] [ERROR] Failed to load resource: net::ERR_CONNECTION_REFUSED @ http://localhost:4173/:0
[  221058ms] [ERROR] Failed to load resource: net::ERR_CONNECTION_REFUSED @ http://localhost:4173/:0
[  222062ms] [ERROR] Failed to load resource: net::ERR_CONNECTION_REFUSED @ http://localhost:4173/:0
[  223065ms] [ERROR] Failed to load resource: net::ERR_CONNECTION_REFUSED @ http://localhost:4173/:0
[  224068ms] [ERROR] Failed to load resource: net::ERR_CONNECTION_REFUSED @ http://localhost:4173/:0
[  225072ms] [ERROR] Failed to load resource: net::ERR_CONNECTION_REFUSED @ http://localhost:4173/:0
[  226075ms] [ERROR] Failed to load resource: net::ERR_CONNECTION_REFUSED @ http://localhost:4173/:0
[  227079ms] [ERROR] Failed to load resource: net::ERR_CONNECTION_REFUSED @ http://localhost:4173/:0
[  228085ms] [ERROR] Failed to load resource: net::ERR_CONNECTION_REFUSED @ http://localhost:4173/:0
[  229088ms] [ERROR] Failed to load resource: net::ERR_CONNECTION_REFUSED @ http://localhost:4173/:0
[  230092ms] [ERROR] Failed to load resource: net::ERR_CONNECTION_REFUSED @ http://localhost:4173/:0
[  231095ms] [ERROR] Failed to load resource: net::ERR_CONNECTION_REFUSED @ http://localhost:4173/:0
[  232098ms] [ERROR] Failed to load resource: net::ERR_CONNECTION_REFUSED @ http://localhost:4173/:0
[  233102ms] [ERROR] Failed to load resource: net::ERR_CONNECTION_REFUSED @ http://localhost:4173/:0
[  234105ms] [ERROR] Failed to load resource: net::ERR_CONNECTION_REFUSED @ http://localhost:4173/:0
[  235109ms] [ERROR] Failed to load resource: net::ERR_CONNECTION_REFUSED @ http://localhost:4173/:0
[  236116ms] [ERROR] Failed to load resource: net::ERR_CONNECTION_REFUSED @ http://localhost:4173/:0
[  237119ms] [ERROR] Failed to load resource: net::ERR_CONNECTION_REFUSED @ http://localhost:4173/:0
[  238122ms] [ERROR] Failed to load resource: net::ERR_CONNECTION_REFUSED @ http://localhost:4173/:0
[  239126ms] [ERROR] Failed to load resource: net::ERR_CONNECTION_REFUSED @ http://localhost:4173/:0
[  240128ms] [ERROR] Failed to load resource: net::ERR_CONNECTION_REFUSED @ http://localhost:4173/:0
[  241134ms] [ERROR] Failed to load resource: net::ERR_CONNECTION_REFUSED @ http://localhost:4173/:0
[  242138ms] [ERROR] Failed to load resource: net::ERR_CONNECTION_REFUSED @ http://localhost:4173/:0
[  243143ms] [ERROR] Failed to load resource: net::ERR_CONNECTION_REFUSED @ http://localhost:4173/:0
[  244147ms] [ERROR] Failed to load resource: net::ERR_CONNECTION_REFUSED @ http://localhost:4173/:0
[  245150ms] [ERROR] Failed to load resource: net::ERR_CONNECTION_REFUSED @ http://localhost:4173/:0
[  246154ms] [ERROR] Failed to load resource: net::ERR_CONNECTION_REFUSED @ http://localhost:4173/:0
[  247158ms] [ERROR] Failed to load resource: net::ERR_CONNECTION_REFUSED @ http://localhost:4173/:0
[  251591ms] [INFO] %cDownload the React DevTools for a better development experience: https://reactjs.org/link/react-devtools font-weight:bold @ http://localhost:4173/node_modules/.vite/deps/chunk-PJEEZAML.js?v=bd30edda:21550
[  251677ms] [WARNING] ⚠️ React Router Future Flag Warning: React Router will begin wrapping state updates in `React.startTransition` in v7. You can use the `v7_startTransition` future flag to opt-in early. For more information, see https://reactrouter.com/v6/upgrading/future#v7_starttransition. @ http://localhost:4173/node_modules/.vite/deps/react-router-dom.js?v=bd30edda:4426
[  251677ms] [WARNING] ⚠️ React Router Future Flag Warning: Relative route resolution within Splat routes is changing in v7. You can use the `v7_relativeSplatPath` future flag to opt-in early. For more information, see https://reactrouter.com/v6/upgrading/future#v7_relativesplatpath. @ http://localhost:4173/node_modules/.vite/deps/react-router-dom.js?v=bd30edda:4426
[  257864ms] [LOG] [vite] server connection lost. Polling for restart... @ http://localhost:4173/@vite/client:559
[  257866ms] [ERROR] Failed to load resource: net::ERR_CONNECTION_REFUSED @ http://localhost:4173/:0
[  258869ms] [ERROR] Failed to load resource: net::ERR_CONNECTION_REFUSED @ http://localhost:4173/:0
[  259874ms] [ERROR] Failed to load resource: net::ERR_CONNECTION_REFUSED @ http://localhost:4173/:0
[  260879ms] [ERROR] Failed to load resource: net::ERR_CONNECTION_REFUSED @ http://localhost:4173/:0
[  261883ms] [ERROR] Failed to load resource: net::ERR_CONNECTION_REFUSED @ http://localhost:4173/:0
[  262887ms] [ERROR] Failed to load resource: net::ERR_CONNECTION_REFUSED @ http://localhost:4173/:0
[  263894ms] [ERROR] Failed to load resource: net::ERR_CONNECTION_REFUSED @ http://localhost:4173/:0
[  264900ms] [ERROR] Failed to load resource: net::ERR_CONNECTION_REFUSED @ http://localhost:4173/:0
[  265904ms] [ERROR] Failed to load resource: net::ERR_CONNECTION_REFUSED @ http://localhost:4173/:0
[  266908ms] [ERROR] Failed to load resource: net::ERR_CONNECTION_REFUSED @ http://localhost:4173/:0
[  267915ms] [ERROR] Failed to load resource: net::ERR_CONNECTION_REFUSED @ http://localhost:4173/:0
[  268918ms] [ERROR] Failed to load resource: net::ERR_CONNECTION_REFUSED @ http://localhost:4173/:0
[  269921ms] [ERROR] Failed to load resource: net::ERR_CONNECTION_REFUSED @ http://localhost:4173/:0
[  270924ms] [ERROR] Failed to load resource: net::ERR_CONNECTION_REFUSED @ http://localhost:4173/:0
[  271928ms] [ERROR] Failed to load resource: net::ERR_CONNECTION_REFUSED @ http://localhost:4173/:0
[  272931ms] [ERROR] Failed to load resource: net::ERR_CONNECTION_REFUSED @ http://localhost:4173/:0
[  273935ms] [ERROR] Failed to load resource: net::ERR_CONNECTION_REFUSED @ http://localhost:4173/:0
[  274943ms] [ERROR] Failed to load resource: net::ERR_CONNECTION_REFUSED @ http://localhost:4173/:0
[  275947ms] [ERROR] Failed to load resource: net::ERR_CONNECTION_REFUSED @ http://localhost:4173/:0
[  276953ms] [ERROR] Failed to load resource: net::ERR_CONNECTION_REFUSED @ http://localhost:4173/:0
[  277957ms] [ERROR] Failed to load resource: net::ERR_CONNECTION_REFUSED @ http://localhost:4173/:0
[  278962ms] [ERROR] Failed to load resource: net::ERR_CONNECTION_REFUSED @ http://localhost:4173/:0
[  279966ms] [ERROR] Failed to load resource: net::ERR_CONNECTION_REFUSED @ http://localhost:4173/:0
[  280970ms] [ERROR] Failed to load resource: net::ERR_CONNECTION_REFUSED @ http://localhost:4173/:0
[  281973ms] [ERROR] Failed to load resource: net::ERR_CONNECTION_REFUSED @ http://localhost:4173/:0
[  282978ms] [ERROR] Failed to load resource: net::ERR_CONNECTION_REFUSED @ http://localhost:4173/:0
[  283982ms] [ERROR] Failed to load resource: net::ERR_CONNECTION_REFUSED @ http://localhost:4173/:0
[  284986ms] [ERROR] Failed to load resource: net::ERR_CONNECTION_REFUSED @ http://localhost:4173/:0
[  285989ms] [ERROR] Failed to load resource: net::ERR_CONNECTION_REFUSED @ http://localhost:4173/:0
[  286993ms] [ERROR] Failed to load resource: net::ERR_CONNECTION_REFUSED @ http://localhost:4173/:0
[  287996ms] [ERROR] Failed to load resource: net::ERR_CONNECTION_REFUSED @ http://localhost:4173/:0
[  288999ms] [ERROR] Failed to load resource: net::ERR_CONNECTION_REFUSED @ http://localhost:4173/:0
[  290005ms] [ERROR] Failed to load resource: net::ERR_CONNECTION_REFUSED @ http://localhost:4173/:0
[  291007ms] [ERROR] Failed to load resource: net::ERR_CONNECTION_REFUSED @ http://localhost:4173/:0
[  292010ms] [ERROR] Failed to load resource: net::ERR_CONNECTION_REFUSED @ http://localhost:4173/:0
[  293013ms] [ERROR] Failed to load resource: net::ERR_CONNECTION_REFUSED @ http://localhost:4173/:0
[  294017ms] [ERROR] Failed to load resource: net::ERR_CONNECTION_REFUSED @ http://localhost:4173/:0
[  295020ms] [ERROR] Failed to load resource: net::ERR_CONNECTION_REFUSED @ http://localhost:4173/:0
[  296025ms] [ERROR] Failed to load resource: net::ERR_CONNECTION_REFUSED @ http://localhost:4173/:0
[  297028ms] [ERROR] Failed to load resource: net::ERR_CONNECTION_REFUSED @ http://localhost:4173/:0
[  298031ms] [ERROR] Failed to load resource: net::ERR_CONNECTION_REFUSED @ http://localhost:4173/:0
[  299034ms] [ERROR] Failed to load resource: net::ERR_CONNECTION_REFUSED @ http://localhost:4173/:0
[  300041ms] [ERROR] Failed to load resource: net::ERR_CONNECTION_REFUSED @ http://localhost:4173/:0
[  301044ms] [ERROR] Failed to load resource: net::ERR_CONNECTION_REFUSED @ http://localhost:4173/:0
[  302050ms] [ERROR] Failed to load resource: net::ERR_CONNECTION_REFUSED @ http://localhost:4173/:0
[  303054ms] [ERROR] Failed to load resource: net::ERR_CONNECTION_REFUSED @ http://localhost:4173/:0
[  304056ms] [ERROR] Failed to load resource: net::ERR_CONNECTION_REFUSED @ http://localhost:4173/:0
[  305066ms] [ERROR] Failed to load resource: net::ERR_CONNECTION_REFUSED @ http://localhost:4173/:0
[  306069ms] [ERROR] Failed to load resource: net::ERR_CONNECTION_REFUSED @ http://localhost:4173/:0
[  307075ms] [ERROR] Failed to load resource: net::ERR_CONNECTION_REFUSED @ http://localhost:4173/:0
[  308078ms] [ERROR] Failed to load resource: net::ERR_CONNECTION_REFUSED @ http://localhost:4173/:0
[  309082ms] [ERROR] Failed to load resource: net::ERR_CONNECTION_REFUSED @ http://localhost:4173/:0
[  310086ms] [ERROR] Failed to load resource: net::ERR_CONNECTION_REFUSED @ http://localhost:4173/:0
[  311090ms] [ERROR] Failed to load resource: net::ERR_CONNECTION_REFUSED @ http://localhost:4173/:0
[  312094ms] [ERROR] Failed to load resource: net::ERR_CONNECTION_REFUSED @ http://localhost:4173/:0
[  313098ms] [ERROR] Failed to load resource: net::ERR_CONNECTION_REFUSED @ http://localhost:4173/:0
[  314105ms] [ERROR] Failed to load resource: net::ERR_CONNECTION_REFUSED @ http://localhost:4173/:0
[  315109ms] [ERROR] Failed to load resource: net::ERR_CONNECTION_REFUSED @ http://localhost:4173/:0
[  316112ms] [ERROR] Failed to load resource: net::ERR_CONNECTION_REFUSED @ http://localhost:4173/:0
[  317115ms] [ERROR] Failed to load resource: net::ERR_CONNECTION_REFUSED @ http://localhost:4173/:0
[  318121ms] [ERROR] Failed to load resource: net::ERR_CONNECTION_REFUSED @ http://localhost:4173/:0
[  319123ms] [ERROR] Failed to load resource: net::ERR_CONNECTION_REFUSED @ http://localhost:4173/:0
[  320127ms] [ERROR] Failed to load resource: net::ERR_CONNECTION_REFUSED @ http://localhost:4173/:0
[  321133ms] [ERROR] Failed to load resource: net::ERR_CONNECTION_REFUSED @ http://localhost:4173/:0
[  322137ms] [ERROR] Failed to load resource: net::ERR_CONNECTION_REFUSED @ http://localhost:4173/:0
[  323144ms] [ERROR] Failed to load resource: net::ERR_CONNECTION_REFUSED @ http://localhost:4173/:0
[  324147ms] [ERROR] Failed to load resource: net::ERR_CONNECTION_REFUSED @ http://localhost:4173/:0
[  325151ms] [ERROR] Failed to load resource: net::ERR_CONNECTION_REFUSED @ http://localhost:4173/:0
[  326156ms] [ERROR] Failed to load resource: net::ERR_CONNECTION_REFUSED @ http://localhost:4173/:0
[  327159ms] [ERROR] Failed to load resource: net::ERR_CONNECTION_REFUSED @ http://localhost:4173/:0
[  328163ms] [ERROR] Failed to load resource: net::ERR_CONNECTION_REFUSED @ http://localhost:4173/:0
[  329166ms] [ERROR] Failed to load resource: net::ERR_CONNECTION_REFUSED @ http://localhost:4173/:0
[  330169ms] [ERROR] Failed to load resource: net::ERR_CONNECTION_REFUSED @ http://localhost:4173/:0
[  331174ms] [ERROR] Failed to load resource: net::ERR_CONNECTION_REFUSED @ http://localhost:4173/:0
[  332178ms] [ERROR] Failed to load resource: net::ERR_CONNECTION_REFUSED @ http://localhost:4173/:0
[  333181ms] [ERROR] Failed to load resource: net::ERR_CONNECTION_REFUSED @ http://localhost:4173/:0
[  334185ms] [ERROR] Failed to load resource: net::ERR_CONNECTION_REFUSED @ http://localhost:4173/:0
[  335189ms] [ERROR] Failed to load resource: net::ERR_CONNECTION_REFUSED @ http://localhost:4173/:0
[  336193ms] [ERROR] Failed to load resource: net::ERR_CONNECTION_REFUSED @ http://localhost:4173/:0
[  337195ms] [ERROR] Failed to load resource: net::ERR_CONNECTION_REFUSED @ http://localhost:4173/:0
[  338198ms] [ERROR] Failed to load resource: net::ERR_CONNECTION_REFUSED @ http://localhost:4173/:0
[  339201ms] [ERROR] Failed to load resource: net::ERR_CONNECTION_REFUSED @ http://localhost:4173/:0
[  340204ms] [ERROR] Failed to load resource: net::ERR_CONNECTION_REFUSED @ http://localhost:4173/:0
[  341209ms] [ERROR] Failed to load resource: net::ERR_CONNECTION_REFUSED @ http://localhost:4173/:0
[  342212ms] [ERROR] Failed to load resource: net::ERR_CONNECTION_REFUSED @ http://localhost:4173/:0
[  343216ms] [ERROR] Failed to load resource: net::ERR_CONNECTION_REFUSED @ http://localhost:4173/:0
[  344220ms] [ERROR] Failed to load resource: net::ERR_CONNECTION_REFUSED @ http://localhost:4173/:0
[  345223ms] [ERROR] Failed to load resource: net::ERR_CONNECTION_REFUSED @ http://localhost:4173/:0
[  346227ms] [ERROR] Failed to load resource: net::ERR_CONNECTION_REFUSED @ http://localhost:4173/:0
[  347230ms] [ERROR] Failed to load resource: net::ERR_CONNECTION_REFUSED @ http://localhost:4173/:0
[  348236ms] [ERROR] Failed to load resource: net::ERR_CONNECTION_REFUSED @ http://localhost:4173/:0
[  349239ms] [ERROR] Failed to load resource: net::ERR_CONNECTION_REFUSED @ http://localhost:4173/:0
[  350244ms] [ERROR] Failed to load resource: net::ERR_CONNECTION_REFUSED @ http://localhost:4173/:0
[  351248ms] [ERROR] Failed to load resource: net::ERR_CONNECTION_REFUSED @ http://localhost:4173/:0
[  352251ms] [ERROR] Failed to load resource: net::ERR_CONNECTION_REFUSED @ http://localhost:4173/:0
[  353254ms] [ERROR] Failed to load resource: net::ERR_CONNECTION_REFUSED @ http://localhost:4173/:0
[  354257ms] [ERROR] Failed to load resource: net::ERR_CONNECTION_REFUSED @ http://localhost:4173/:0
[  355260ms] [ERROR] Failed to load resource: net::ERR_CONNECTION_REFUSED @ http://localhost:4173/:0
[  356263ms] [ERROR] Failed to load resource: net::ERR_CONNECTION_REFUSED @ http://localhost:4173/:0
[  357266ms] [ERROR] Failed to load resource: net::ERR_CONNECTION_REFUSED @ http://localhost:4173/:0
[  358274ms] [ERROR] Failed to load resource: net::ERR_CONNECTION_REFUSED @ http://localhost:4173/:0
[  359280ms] [ERROR] Failed to load resource: net::ERR_CONNECTION_REFUSED @ http://localhost:4173/:0
[  360284ms] [ERROR] Failed to load resource: net::ERR_CONNECTION_REFUSED @ http://localhost:4173/:0
[  361287ms] [ERROR] Failed to load resource: net::ERR_CONNECTION_REFUSED @ http://localhost:4173/:0
[  362291ms] [ERROR] Failed to load resource: net::ERR_CONNECTION_REFUSED @ http://localhost:4173/:0
[  363294ms] [ERROR] Failed to load resource: net::ERR_CONNECTION_REFUSED @ http://localhost:4173/:0
[  364298ms] [ERROR] Failed to load resource: net::ERR_CONNECTION_REFUSED @ http://localhost:4173/:0
[  365300ms] [ERROR] Failed to load resource: net::ERR_CONNECTION_REFUSED @ http://localhost:4173/:0
[  366304ms] [ERROR] Failed to load resource: net::ERR_CONNECTION_REFUSED @ http://localhost:4173/:0
[  367307ms] [ERROR] Failed to load resource: net::ERR_CONNECTION_REFUSED @ http://localhost:4173/:0
[  368310ms] [ERROR] Failed to load resource: net::ERR_CONNECTION_REFUSED @ http://localhost:4173/:0
[  369315ms] [ERROR] Failed to load resource: net::ERR_CONNECTION_REFUSED @ http://localhost:4173/:0
[  370319ms] [ERROR] Failed to load resource: net::ERR_CONNECTION_REFUSED @ http://localhost:4173/:0
[  371323ms] [ERROR] Failed to load resource: net::ERR_CONNECTION_REFUSED @ http://localhost:4173/:0
[  372326ms] [ERROR] Failed to load resource: net::ERR_CONNECTION_REFUSED @ http://localhost:4173/:0
[  373330ms] [ERROR] Failed to load resource: net::ERR_CONNECTION_REFUSED @ http://localhost:4173/:0
[  378289ms] [INFO] %cDownload the React DevTools for a better development experience: https://reactjs.org/link/react-devtools font-weight:bold @ http://localhost:4173/node_modules/.vite/deps/chunk-PJEEZAML.js?v=bd30edda:21550
[  378407ms] [WARNING] ⚠️ React Router Future Flag Warning: React Router will begin wrapping state updates in `React.startTransition` in v7. You can use the `v7_startTransition` future flag to opt-in early. For more information, see https://reactrouter.com/v6/upgrading/future#v7_starttransition. @ http://localhost:4173/node_modules/.vite/deps/react-router-dom.js?v=bd30edda:4426
[  378413ms] [WARNING] ⚠️ React Router Future Flag Warning: Relative route resolution within Splat routes is changing in v7. You can use the `v7_relativeSplatPath` future flag to opt-in early. For more information, see https://reactrouter.com/v6/upgrading/future#v7_relativesplatpath. @ http://localhost:4173/node_modules/.vite/deps/react-router-dom.js?v=bd30edda:4426
[  397870ms] [LOG] [vite] server connection lost. Polling for restart... @ http://localhost:4173/@vite/client:559
[  397873ms] [ERROR] Failed to load resource: net::ERR_CONNECTION_REFUSED @ http://localhost:4173/:0
[  398877ms] [ERROR] Failed to load resource: net::ERR_CONNECTION_REFUSED @ http://localhost:4173/:0
[  399881ms] [ERROR] Failed to load resource: net::ERR_CONNECTION_REFUSED @ http://localhost:4173/:0
[  400883ms] [ERROR] Failed to load resource: net::ERR_CONNECTION_REFUSED @ http://localhost:4173/:0
[  401886ms] [ERROR] Failed to load resource: net::ERR_CONNECTION_REFUSED @ http://localhost:4173/:0
[  402890ms] [ERROR] Failed to load resource: net::ERR_CONNECTION_REFUSED @ http://localhost:4173/:0
[  403894ms] [ERROR] Failed to load resource: net::ERR_CONNECTION_REFUSED @ http://localhost:4173/:0
[  404896ms] [ERROR] Failed to load resource: net::ERR_CONNECTION_REFUSED @ http://localhost:4173/:0
[  405902ms] [ERROR] Failed to load resource: net::ERR_CONNECTION_REFUSED @ http://localhost:4173/:0
[  406906ms] [ERROR] Failed to load resource: net::ERR_CONNECTION_REFUSED @ http://localhost:4173/:0
[  407909ms] [ERROR] Failed to load resource: net::ERR_CONNECTION_REFUSED @ http://localhost:4173/:0
[  408913ms] [ERROR] Failed to load resource: net::ERR_CONNECTION_REFUSED @ http://localhost:4173/:0
[  409920ms] [ERROR] Failed to load resource: net::ERR_CONNECTION_REFUSED @ http://localhost:4173/:0
[  410922ms] [ERROR] Failed to load resource: net::ERR_CONNECTION_REFUSED @ http://localhost:4173/:0
[  411926ms] [ERROR] Failed to load resource: net::ERR_CONNECTION_REFUSED @ http://localhost:4173/:0
[  412929ms] [ERROR] Failed to load resource: net::ERR_CONNECTION_REFUSED @ http://localhost:4173/:0
[  413933ms] [ERROR] Failed to load resource: net::ERR_CONNECTION_REFUSED @ http://localhost:4173/:0
[  414936ms] [ERROR] Failed to load resource: net::ERR_CONNECTION_REFUSED @ http://localhost:4173/:0
[  415939ms] [ERROR] Failed to load resource: net::ERR_CONNECTION_REFUSED @ http://localhost:4173/:0
[  416942ms] [ERROR] Failed to load resource: net::ERR_CONNECTION_REFUSED @ http://localhost:4173/:0
[  417946ms] [ERROR] Failed to load resource: net::ERR_CONNECTION_REFUSED @ http://localhost:4173/:0
[  418950ms] [ERROR] Failed to load resource: net::ERR_CONNECTION_REFUSED @ http://localhost:4173/:0
[  419953ms] [ERROR] Failed to load resource: net::ERR_CONNECTION_REFUSED @ http://localhost:4173/:0
[  420957ms] [ERROR] Failed to load resource: net::ERR_CONNECTION_REFUSED @ http://localhost:4173/:0
[  421962ms] [ERROR] Failed to load resource: net::ERR_CONNECTION_REFUSED @ http://localhost:4173/:0
[  422967ms] [ERROR] Failed to load resource: net::ERR_CONNECTION_REFUSED @ http://localhost:4173/:0
[  423970ms] [ERROR] Failed to load resource: net::ERR_CONNECTION_REFUSED @ http://localhost:4173/:0
[  424974ms] [ERROR] Failed to load resource: net::ERR_CONNECTION_REFUSED @ http://localhost:4173/:0
[  425981ms] [ERROR] Failed to load resource: net::ERR_CONNECTION_REFUSED @ http://localhost:4173/:0
[  426985ms] [ERROR] Failed to load resource: net::ERR_CONNECTION_REFUSED @ http://localhost:4173/:0
[  427988ms] [ERROR] Failed to load resource: net::ERR_CONNECTION_REFUSED @ http://localhost:4173/:0
[  428993ms] [ERROR] Failed to load resource: net::ERR_CONNECTION_REFUSED @ http://localhost:4173/:0
[  429996ms] [ERROR] Failed to load resource: net::ERR_CONNECTION_REFUSED @ http://localhost:4173/:0
[  431007ms] [ERROR] Failed to load resource: net::ERR_CONNECTION_REFUSED @ http://localhost:4173/:0
[  432011ms] [ERROR] Failed to load resource: net::ERR_CONNECTION_REFUSED @ http://localhost:4173/:0
[  433019ms] [ERROR] Failed to load resource: net::ERR_CONNECTION_REFUSED @ http://localhost:4173/:0
[  434023ms] [ERROR] Failed to load resource: net::ERR_CONNECTION_REFUSED @ http://localhost:4173/:0
[  435027ms] [ERROR] Failed to load resource: net::ERR_CONNECTION_REFUSED @ http://localhost:4173/:0
[  436033ms] [ERROR] Failed to load resource: net::ERR_CONNECTION_REFUSED @ http://localhost:4173/:0
[  437037ms] [ERROR] Failed to load resource: net::ERR_CONNECTION_REFUSED @ http://localhost:4173/:0
[  438042ms] [ERROR] Failed to load resource: net::ERR_CONNECTION_REFUSED @ http://localhost:4173/:0
[  439045ms] [ERROR] Failed to load resource: net::ERR_CONNECTION_REFUSED @ http://localhost:4173/:0
[  440048ms] [ERROR] Failed to load resource: net::ERR_CONNECTION_REFUSED @ http://localhost:4173/:0
[  441051ms] [ERROR] Failed to load resource: net::ERR_CONNECTION_REFUSED @ http://localhost:4173/:0
[  442056ms] [ERROR] Failed to load resource: net::ERR_CONNECTION_REFUSED @ http://localhost:4173/:0
[  443059ms] [ERROR] Failed to load resource: net::ERR_CONNECTION_REFUSED @ http://localhost:4173/:0
[  444062ms] [ERROR] Failed to load resource: net::ERR_CONNECTION_REFUSED @ http://localhost:4173/:0
[  445066ms] [ERROR] Failed to load resource: net::ERR_CONNECTION_REFUSED @ http://localhost:4173/:0
[  446069ms] [ERROR] Failed to load resource: net::ERR_CONNECTION_REFUSED @ http://localhost:4173/:0
[  447074ms] [ERROR] Failed to load resource: net::ERR_CONNECTION_REFUSED @ http://localhost:4173/:0
[  448077ms] [ERROR] Failed to load resource: net::ERR_CONNECTION_REFUSED @ http://localhost:4173/:0
[  449080ms] [ERROR] Failed to load resource: net::ERR_CONNECTION_REFUSED @ http://localhost:4173/:0
[  450083ms] [ERROR] Failed to load resource: net::ERR_CONNECTION_REFUSED @ http://localhost:4173/:0
[  451086ms] [ERROR] Failed to load resource: net::ERR_CONNECTION_REFUSED @ http://localhost:4173/:0
[  452089ms] [ERROR] Failed to load resource: net::ERR_CONNECTION_REFUSED @ http://localhost:4173/:0
[  453094ms] [ERROR] Failed to load resource: net::ERR_CONNECTION_REFUSED @ http://localhost:4173/:0
[  454098ms] [ERROR] Failed to load resource: net::ERR_CONNECTION_REFUSED @ http://localhost:4173/:0
[  455106ms] [ERROR] Failed to load resource: net::ERR_CONNECTION_REFUSED @ http://localhost:4173/:0
[  456112ms] [ERROR] Failed to load resource: net::ERR_CONNECTION_REFUSED @ http://localhost:4173/:0
[  457114ms] [ERROR] Failed to load resource: net::ERR_CONNECTION_REFUSED @ http://localhost:4173/:0
[  458120ms] [ERROR] Failed to load resource: net::ERR_CONNECTION_REFUSED @ http://localhost:4173/:0
[  459123ms] [ERROR] Failed to load resource: net::ERR_CONNECTION_REFUSED @ http://localhost:4173/:0
[  460127ms] [ERROR] Failed to load resource: net::ERR_CONNECTION_REFUSED @ http://localhost:4173/:0
[  461131ms] [ERROR] Failed to load resource: net::ERR_CONNECTION_REFUSED @ http://localhost:4173/:0
[  462134ms] [ERROR] Failed to load resource: net::ERR_CONNECTION_REFUSED @ http://localhost:4173/:0
[  463137ms] [ERROR] Failed to load resource: net::ERR_CONNECTION_REFUSED @ http://localhost:4173/:0
[  464141ms] [ERROR] Failed to load resource: net::ERR_CONNECTION_REFUSED @ http://localhost:4173/:0
[  465145ms] [ERROR] Failed to load resource: net::ERR_CONNECTION_REFUSED @ http://localhost:4173/:0
[  466149ms] [ERROR] Failed to load resource: net::ERR_CONNECTION_REFUSED @ http://localhost:4173/:0
[  467153ms] [ERROR] Failed to load resource: net::ERR_CONNECTION_REFUSED @ http://localhost:4173/:0
[  468156ms] [ERROR] Failed to load resource: net::ERR_CONNECTION_REFUSED @ http://localhost:4173/:0
[  469161ms] [ERROR] Failed to load resource: net::ERR_CONNECTION_REFUSED @ http://localhost:4173/:0
[  470166ms] [ERROR] Failed to load resource: net::ERR_CONNECTION_REFUSED @ http://localhost:4173/:0
[  471170ms] [ERROR] Failed to load resource: net::ERR_CONNECTION_REFUSED @ http://localhost:4173/:0
[  472174ms] [ERROR] Failed to load resource: net::ERR_CONNECTION_REFUSED @ http://localhost:4173/:0
[  473181ms] [ERROR] Failed to load resource: net::ERR_CONNECTION_REFUSED @ http://localhost:4173/:0
[  474184ms] [ERROR] Failed to load resource: net::ERR_CONNECTION_REFUSED @ http://localhost:4173/:0
[  475188ms] [ERROR] Failed to load resource: net::ERR_CONNECTION_REFUSED @ http://localhost:4173/:0
[  476191ms] [ERROR] Failed to load resource: net::ERR_CONNECTION_REFUSED @ http://localhost:4173/:0
[  477199ms] [ERROR] Failed to load resource: net::ERR_CONNECTION_REFUSED @ http://localhost:4173/:0
[  478204ms] [ERROR] Failed to load resource: net::ERR_CONNECTION_REFUSED @ http://localhost:4173/:0
[  479206ms] [ERROR] Failed to load resource: net::ERR_CONNECTION_REFUSED @ http://localhost:4173/:0
[  480210ms] [ERROR] Failed to load resource: net::ERR_CONNECTION_REFUSED @ http://localhost:4173/:0
[  481214ms] [ERROR] Failed to load resource: net::ERR_CONNECTION_REFUSED @ http://localhost:4173/:0
[  482219ms] [ERROR] Failed to load resource: net::ERR_CONNECTION_REFUSED @ http://localhost:4173/:0
[  483243ms] [ERROR] Failed to load resource: net::ERR_CONNECTION_REFUSED @ http://localhost:4173/:0
[  484246ms] [ERROR] Failed to load resource: net::ERR_CONNECTION_REFUSED @ http://localhost:4173/:0
[  485249ms] [ERROR] Failed to load resource: net::ERR_CONNECTION_REFUSED @ http://localhost:4173/:0
[  486257ms] [ERROR] Failed to load resource: net::ERR_CONNECTION_REFUSED @ http://localhost:4173/:0
[  487260ms] [ERROR] Failed to load resource: net::ERR_CONNECTION_REFUSED @ http://localhost:4173/:0
[  488264ms] [ERROR] Failed to load resource: net::ERR_CONNECTION_REFUSED @ http://localhost:4173/:0
[  489271ms] [ERROR] Failed to load resource: net::ERR_CONNECTION_REFUSED @ http://localhost:4173/:0
[  490274ms] [ERROR] Failed to load resource: net::ERR_CONNECTION_REFUSED @ http://localhost:4173/:0
[  491278ms] [ERROR] Failed to load resource: net::ERR_CONNECTION_REFUSED @ http://localhost:4173/:0
[  492281ms] [ERROR] Failed to load resource: net::ERR_CONNECTION_REFUSED @ http://localhost:4173/:0
[  493285ms] [ERROR] Failed to load resource: net::ERR_CONNECTION_REFUSED @ http://localhost:4173/:0
[  494292ms] [ERROR] Failed to load resource: net::ERR_CONNECTION_REFUSED @ http://localhost:4173/:0
[  495297ms] [ERROR] Failed to load resource: net::ERR_CONNECTION_REFUSED @ http://localhost:4173/:0
[  496301ms] [ERROR] Failed to load resource: net::ERR_CONNECTION_REFUSED @ http://localhost:4173/:0
[  497304ms] [ERROR] Failed to load resource: net::ERR_CONNECTION_REFUSED @ http://localhost:4173/:0
[  498308ms] [ERROR] Failed to load resource: net::ERR_CONNECTION_REFUSED @ http://localhost:4173/:0
[  499311ms] [ERROR] Failed to load resource: net::ERR_CONNECTION_REFUSED @ http://localhost:4173/:0
[  500338ms] [ERROR] Failed to load resource: net::ERR_CONNECTION_REFUSED @ http://localhost:4173/:0
[  501345ms] [ERROR] Failed to load resource: net::ERR_CONNECTION_REFUSED @ http://localhost:4173/:0
[  502350ms] [ERROR] Failed to load resource: net::ERR_CONNECTION_REFUSED @ http://localhost:4173/:0
[  503354ms] [ERROR] Failed to load resource: net::ERR_CONNECTION_REFUSED @ http://localhost:4173/:0
[  504357ms] [ERROR] Failed to load resource: net::ERR_CONNECTION_REFUSED @ http://localhost:4173/:0
[  505363ms] [ERROR] Failed to load resource: net::ERR_CONNECTION_REFUSED @ http://localhost:4173/:0
[  506367ms] [ERROR] Failed to load resource: net::ERR_CONNECTION_REFUSED @ http://localhost:4173/:0
[  507370ms] [ERROR] Failed to load resource: net::ERR_CONNECTION_REFUSED @ http://localhost:4173/:0
[  508375ms] [ERROR] Failed to load resource: net::ERR_CONNECTION_REFUSED @ http://localhost:4173/:0
[  509385ms] [ERROR] Failed to load resource: net::ERR_CONNECTION_REFUSED @ http://localhost:4173/:0
[  510388ms] [ERROR] Failed to load resource: net::ERR_CONNECTION_REFUSED @ http://localhost:4173/:0
[  511396ms] [ERROR] Failed to load resource: net::ERR_CONNECTION_REFUSED @ http://localhost:4173/:0
[  512400ms] [ERROR] Failed to load resource: net::ERR_CONNECTION_REFUSED @ http://localhost:4173/:0
[  513403ms] [ERROR] Failed to load resource: net::ERR_CONNECTION_REFUSED @ http://localhost:4173/:0
[  514419ms] [ERROR] Failed to load resource: net::ERR_CONNECTION_REFUSED @ http://localhost:4173/:0
[  515422ms] [ERROR] Failed to load resource: net::ERR_CONNECTION_REFUSED @ http://localhost:4173/:0
[  516426ms] [ERROR] Failed to load resource: net::ERR_CONNECTION_REFUSED @ http://localhost:4173/:0
[  517431ms] [ERROR] Failed to load resource: net::ERR_CONNECTION_REFUSED @ http://localhost:4173/:0
[  518437ms] [ERROR] Failed to load resource: net::ERR_CONNECTION_REFUSED @ http://localhost:4173/:0
[  519441ms] [ERROR] Failed to load resource: net::ERR_CONNECTION_REFUSED @ http://localhost:4173/:0
[  520445ms] [ERROR] Failed to load resource: net::ERR_CONNECTION_REFUSED @ http://localhost:4173/:0
[  521449ms] [ERROR] Failed to load resource: net::ERR_CONNECTION_REFUSED @ http://localhost:4173/:0
[  522454ms] [ERROR] Failed to load resource: net::ERR_CONNECTION_REFUSED @ http://localhost:4173/:0
[  523458ms] [ERROR] Failed to load resource: net::ERR_CONNECTION_REFUSED @ http://localhost:4173/:0
[  524462ms] [ERROR] Failed to load resource: net::ERR_CONNECTION_REFUSED @ http://localhost:4173/:0
[  525466ms] [ERROR] Failed to load resource: net::ERR_CONNECTION_REFUSED @ http://localhost:4173/:0
[  526470ms] [ERROR] Failed to load resource: net::ERR_CONNECTION_REFUSED @ http://localhost:4173/:0
[  527474ms] [ERROR] Failed to load resource: net::ERR_CONNECTION_REFUSED @ http://localhost:4173/:0
[  528478ms] [ERROR] Failed to load resource: net::ERR_CONNECTION_REFUSED @ http://localhost:4173/:0
[  529482ms] [ERROR] Failed to load resource: net::ERR_CONNECTION_REFUSED @ http://localhost:4173/:0
[  530487ms] [ERROR] Failed to load resource: net::ERR_CONNECTION_REFUSED @ http://localhost:4173/:0
[  531498ms] [ERROR] Failed to load resource: net::ERR_CONNECTION_REFUSED @ http://localhost:4173/:0
[  532501ms] [ERROR] Failed to load resource: net::ERR_CONNECTION_REFUSED @ http://localhost:4173/:0
[  533506ms] [ERROR] Failed to load resource: net::ERR_CONNECTION_REFUSED @ http://localhost:4173/:0
[  534510ms] [ERROR] Failed to load resource: net::ERR_CONNECTION_REFUSED @ http://localhost:4173/:0
[  535531ms] [ERROR] Failed to load resource: net::ERR_CONNECTION_REFUSED @ http://localhost:4173/:0
[  536534ms] [ERROR] Failed to load resource: net::ERR_CONNECTION_REFUSED @ http://localhost:4173/:0
[  537537ms] [ERROR] Failed to load resource: net::ERR_CONNECTION_REFUSED @ http://localhost:4173/:0
[  538541ms] [ERROR] Failed to load resource: net::ERR_CONNECTION_REFUSED @ http://localhost:4173/:0
[  539546ms] [ERROR] Failed to load resource: net::ERR_CONNECTION_REFUSED @ http://localhost:4173/:0
[  540548ms] [ERROR] Failed to load resource: net::ERR_CONNECTION_REFUSED @ http://localhost:4173/:0
[  541552ms] [ERROR] Failed to load resource: net::ERR_CONNECTION_REFUSED @ http://localhost:4173/:0
[  542555ms] [ERROR] Failed to load resource: net::ERR_CONNECTION_REFUSED @ http://localhost:4173/:0
[  543563ms] [ERROR] Failed to load resource: net::ERR_CONNECTION_REFUSED @ http://localhost:4173/:0
[  544567ms] [ERROR] Failed to load resource: net::ERR_CONNECTION_REFUSED @ http://localhost:4173/:0
[  545571ms] [ERROR] Failed to load resource: net::ERR_CONNECTION_REFUSED @ http://localhost:4173/:0
[  546574ms] [ERROR] Failed to load resource: net::ERR_CONNECTION_REFUSED @ http://localhost:4173/:0
[  547578ms] [ERROR] Failed to load resource: net::ERR_CONNECTION_REFUSED @ http://localhost:4173/:0
[  548581ms] [ERROR] Failed to load resource: net::ERR_CONNECTION_REFUSED @ http://localhost:4173/:0
[  549585ms] [ERROR] Failed to load resource: net::ERR_CONNECTION_REFUSED @ http://localhost:4173/:0
[  550589ms] [ERROR] Failed to load resource: net::ERR_CONNECTION_REFUSED @ http://localhost:4173/:0
[  551592ms] [ERROR] Failed to load resource: net::ERR_CONNECTION_REFUSED @ http://localhost:4173/:0
[  552595ms] [ERROR] Failed to load resource: net::ERR_CONNECTION_REFUSED @ http://localhost:4173/:0
[  553605ms] [ERROR] Failed to load resource: net::ERR_CONNECTION_REFUSED @ http://localhost:4173/:0
[  554609ms] [ERROR] Failed to load resource: net::ERR_CONNECTION_REFUSED @ http://localhost:4173/:0
[  555613ms] [ERROR] Failed to load resource: net::ERR_CONNECTION_REFUSED @ http://localhost:4173/:0
[  556618ms] [ERROR] Failed to load resource: net::ERR_CONNECTION_REFUSED @ http://localhost:4173/:0
[  557623ms] [ERROR] Failed to load resource: net::ERR_CONNECTION_REFUSED @ http://localhost:4173/:0
[  558630ms] [ERROR] Failed to load resource: net::ERR_CONNECTION_REFUSED @ http://localhost:4173/:0
[  559633ms] [ERROR] Failed to load resource: net::ERR_CONNECTION_REFUSED @ http://localhost:4173/:0
[  560637ms] [ERROR] Failed to load resource: net::ERR_CONNECTION_REFUSED @ http://localhost:4173/:0
[  561640ms] [ERROR] Failed to load resource: net::ERR_CONNECTION_REFUSED @ http://localhost:4173/:0
[  562644ms] [ERROR] Failed to load resource: net::ERR_CONNECTION_REFUSED @ http://localhost:4173/:0
[  563649ms] [ERROR] Failed to load resource: net::ERR_CONNECTION_REFUSED @ http://localhost:4173/:0
[  564652ms] [ERROR] Failed to load resource: net::ERR_CONNECTION_REFUSED @ http://localhost:4173/:0
[  565656ms] [ERROR] Failed to load resource: net::ERR_CONNECTION_REFUSED @ http://localhost:4173/:0
[  566659ms] [ERROR] Failed to load resource: net::ERR_CONNECTION_REFUSED @ http://localhost:4173/:0
[  567663ms] [ERROR] Failed to load resource: net::ERR_CONNECTION_REFUSED @ http://localhost:4173/:0
[  568666ms] [ERROR] Failed to load resource: net::ERR_CONNECTION_REFUSED @ http://localhost:4173/:0
[  569669ms] [ERROR] Failed to load resource: net::ERR_CONNECTION_REFUSED @ http://localhost:4173/:0
[  570673ms] [ERROR] Failed to load resource: net::ERR_CONNECTION_REFUSED @ http://localhost:4173/:0
[  571677ms] [ERROR] Failed to load resource: net::ERR_CONNECTION_REFUSED @ http://localhost:4173/:0
[  572680ms] [ERROR] Failed to load resource: net::ERR_CONNECTION_REFUSED @ http://localhost:4173/:0
[  573684ms] [ERROR] Failed to load resource: net::ERR_CONNECTION_REFUSED @ http://localhost:4173/:0
[  574688ms] [ERROR] Failed to load resource: net::ERR_CONNECTION_REFUSED @ http://localhost:4173/:0
[  575690ms] [ERROR] Failed to load resource: net::ERR_CONNECTION_REFUSED @ http://localhost:4173/:0
[  576696ms] [ERROR] Failed to load resource: net::ERR_CONNECTION_REFUSED @ http://localhost:4173/:0
[  577699ms] [ERROR] Failed to load resource: net::ERR_CONNECTION_REFUSED @ http://localhost:4173/:0
[  578702ms] [ERROR] Failed to load resource: net::ERR_CONNECTION_REFUSED @ http://localhost:4173/:0
[  579706ms] [ERROR] Failed to load resource: net::ERR_CONNECTION_REFUSED @ http://localhost:4173/:0
[  580708ms] [ERROR] Failed to load resource: net::ERR_CONNECTION_REFUSED @ http://localhost:4173/:0
[  581715ms] [ERROR] Failed to load resource: net::ERR_CONNECTION_REFUSED @ http://localhost:4173/:0
[  582718ms] [ERROR] Failed to load resource: net::ERR_CONNECTION_REFUSED @ http://localhost:4173/:0
[  583721ms] [ERROR] Failed to load resource: net::ERR_CONNECTION_REFUSED @ http://localhost:4173/:0
[  584724ms] [ERROR] Failed to load resource: net::ERR_CONNECTION_REFUSED @ http://localhost:4173/:0
[  585728ms] [ERROR] Failed to load resource: net::ERR_CONNECTION_REFUSED @ http://localhost:4173/:0
[  586733ms] [ERROR] Failed to load resource: net::ERR_CONNECTION_REFUSED @ http://localhost:4173/:0
[  587736ms] [ERROR] Failed to load resource: net::ERR_CONNECTION_REFUSED @ http://localhost:4173/:0
[  588740ms] [ERROR] Failed to load resource: net::ERR_CONNECTION_REFUSED @ http://localhost:4173/:0
[  589742ms] [ERROR] Failed to load resource: net::ERR_CONNECTION_REFUSED @ http://localhost:4173/:0
[  590746ms] [ERROR] Failed to load resource: net::ERR_CONNECTION_REFUSED @ http://localhost:4173/:0
[  591752ms] [ERROR] Failed to load resource: net::ERR_CONNECTION_REFUSED @ http://localhost:4173/:0
[  592756ms] [ERROR] Failed to load resource: net::ERR_CONNECTION_REFUSED @ http://localhost:4173/:0
[  593761ms] [ERROR] Failed to load resource: net::ERR_CONNECTION_REFUSED @ http://localhost:4173/:0
[  594764ms] [ERROR] Failed to load resource: net::ERR_CONNECTION_REFUSED @ http://localhost:4173/:0
[  595768ms] [ERROR] Failed to load resource: net::ERR_CONNECTION_REFUSED @ http://localhost:4173/:0
[  596772ms] [ERROR] Failed to load resource: net::ERR_CONNECTION_REFUSED @ http://localhost:4173/:0
[  597775ms] [ERROR] Failed to load resource: net::ERR_CONNECTION_REFUSED @ http://localhost:4173/:0
[  598778ms] [ERROR] Failed to load resource: net::ERR_CONNECTION_REFUSED @ http://localhost:4173/:0
[  599782ms] [ERROR] Failed to load resource: net::ERR_CONNECTION_REFUSED @ http://localhost:4173/:0
[  600786ms] [ERROR] Failed to load resource: net::ERR_CONNECTION_REFUSED @ http://localhost:4173/:0
[  601790ms] [ERROR] Failed to load resource: net::ERR_CONNECTION_REFUSED @ http://localhost:4173/:0
[  602793ms] [ERROR] Failed to load resource: net::ERR_CONNECTION_REFUSED @ http://localhost:4173/:0
[  603797ms] [ERROR] Failed to load resource: net::ERR_CONNECTION_REFUSED @ http://localhost:4173/:0
[  604801ms] [ERROR] Failed to load resource: net::ERR_CONNECTION_REFUSED @ http://localhost:4173/:0
[  605804ms] [ERROR] Failed to load resource: net::ERR_CONNECTION_REFUSED @ http://localhost:4173/:0
[  606808ms] [ERROR] Failed to load resource: net::ERR_CONNECTION_REFUSED @ http://localhost:4173/:0
[  607812ms] [ERROR] Failed to load resource: net::ERR_CONNECTION_REFUSED @ http://localhost:4173/:0
[  608816ms] [ERROR] Failed to load resource: net::ERR_CONNECTION_REFUSED @ http://localhost:4173/:0
[  609819ms] [ERROR] Failed to load resource: net::ERR_CONNECTION_REFUSED @ http://localhost:4173/:0
[  610822ms] [ERROR] Failed to load resource: net::ERR_CONNECTION_REFUSED @ http://localhost:4173/:0
[  611829ms] [ERROR] Failed to load resource: net::ERR_CONNECTION_REFUSED @ http://localhost:4173/:0
[  612835ms] [ERROR] Failed to load resource: net::ERR_CONNECTION_REFUSED @ http://localhost:4173/:0
[  613839ms] [ERROR] Failed to load resource: net::ERR_CONNECTION_REFUSED @ http://localhost:4173/:0
[  614842ms] [ERROR] Failed to load resource: net::ERR_CONNECTION_REFUSED @ http://localhost:4173/:0
[  615846ms] [ERROR] Failed to load resource: net::ERR_CONNECTION_REFUSED @ http://localhost:4173/:0
[  616850ms] [ERROR] Failed to load resource: net::ERR_CONNECTION_REFUSED @ http://localhost:4173/:0
[  617854ms] [ERROR] Failed to load resource: net::ERR_CONNECTION_REFUSED @ http://localhost:4173/:0
[  618857ms] [ERROR] Failed to load resource: net::ERR_CONNECTION_REFUSED @ http://localhost:4173/:0
[  619866ms] [ERROR] Failed to load resource: net::ERR_CONNECTION_REFUSED @ http://localhost:4173/:0
[  620870ms] [ERROR] Failed to load resource: net::ERR_CONNECTION_REFUSED @ http://localhost:4173/:0
[  621874ms] [ERROR] Failed to load resource: net::ERR_CONNECTION_REFUSED @ http://localhost:4173/:0
[  622879ms] [ERROR] Failed to load resource: net::ERR_CONNECTION_REFUSED @ http://localhost:4173/:0
[  623885ms] [ERROR] Failed to load resource: net::ERR_CONNECTION_REFUSED @ http://localhost:4173/:0
[  624890ms] [ERROR] Failed to load resource: net::ERR_CONNECTION_REFUSED @ http://localhost:4173/:0
[  625893ms] [ERROR] Failed to load resource: net::ERR_CONNECTION_REFUSED @ http://localhost:4173/:0
[  626896ms] [ERROR] Failed to load resource: net::ERR_CONNECTION_REFUSED @ http://localhost:4173/:0
[  627899ms] [ERROR] Failed to load resource: net::ERR_CONNECTION_REFUSED @ http://localhost:4173/:0
[  628905ms] [ERROR] Failed to load resource: net::ERR_CONNECTION_REFUSED @ http://localhost:4173/:0
[  629907ms] [ERROR] Failed to load resource: net::ERR_CONNECTION_REFUSED @ http://localhost:4173/:0
[  630911ms] [ERROR] Failed to load resource: net::ERR_CONNECTION_REFUSED @ http://localhost:4173/:0
[  631914ms] [ERROR] Failed to load resource: net::ERR_CONNECTION_REFUSED @ http://localhost:4173/:0
[  632917ms] [ERROR] Failed to load resource: net::ERR_CONNECTION_REFUSED @ http://localhost:4173/:0
[  633920ms] [ERROR] Failed to load resource: net::ERR_CONNECTION_REFUSED @ http://localhost:4173/:0
[  634924ms] [ERROR] Failed to load resource: net::ERR_CONNECTION_REFUSED @ http://localhost:4173/:0
[  635927ms] [ERROR] Failed to load resource: net::ERR_CONNECTION_REFUSED @ http://localhost:4173/:0
[  636930ms] [ERROR] Failed to load resource: net::ERR_CONNECTION_REFUSED @ http://localhost:4173/:0
[  637934ms] [ERROR] Failed to load resource: net::ERR_CONNECTION_REFUSED @ http://localhost:4173/:0
[  638937ms] [ERROR] Failed to load resource: net::ERR_CONNECTION_REFUSED @ http://localhost:4173/:0
[  639943ms] [ERROR] Failed to load resource: net::ERR_CONNECTION_REFUSED @ http://localhost:4173/:0
[  640946ms] [ERROR] Failed to load resource: net::ERR_CONNECTION_REFUSED @ http://localhost:4173/:0
[  641949ms] [ERROR] Failed to load resource: net::ERR_CONNECTION_REFUSED @ http://localhost:4173/:0
[  642952ms] [ERROR] Failed to load resource: net::ERR_CONNECTION_REFUSED @ http://localhost:4173/:0
[  643956ms] [ERROR] Failed to load resource: net::ERR_CONNECTION_REFUSED @ http://localhost:4173/:0
[  644959ms] [ERROR] Failed to load resource: net::ERR_CONNECTION_REFUSED @ http://localhost:4173/:0
[  645962ms] [ERROR] Failed to load resource: net::ERR_CONNECTION_REFUSED @ http://localhost:4173/:0
[  646966ms] [ERROR] Failed to load resource: net::ERR_CONNECTION_REFUSED @ http://localhost:4173/:0
[  647970ms] [ERROR] Failed to load resource: net::ERR_CONNECTION_REFUSED @ http://localhost:4173/:0
[  648975ms] [ERROR] Failed to load resource: net::ERR_CONNECTION_REFUSED @ http://localhost:4173/:0
[  649979ms] [ERROR] Failed to load resource: net::ERR_CONNECTION_REFUSED @ http://localhost:4173/:0
[  650982ms] [ERROR] Failed to load resource: net::ERR_CONNECTION_REFUSED @ http://localhost:4173/:0
[  651984ms] [ERROR] Failed to load resource: net::ERR_CONNECTION_REFUSED @ http://localhost:4173/:0
[  652988ms] [ERROR] Failed to load resource: net::ERR_CONNECTION_REFUSED @ http://localhost:4173/:0
[  653991ms] [ERROR] Failed to load resource: net::ERR_CONNECTION_REFUSED @ http://localhost:4173/:0
[  654998ms] [ERROR] Failed to load resource: net::ERR_CONNECTION_REFUSED @ http://localhost:4173/:0
[  656001ms] [ERROR] Failed to load resource: net::ERR_CONNECTION_REFUSED @ http://localhost:4173/:0
[  657005ms] [ERROR] Failed to load resource: net::ERR_CONNECTION_REFUSED @ http://localhost:4173/:0
[  658009ms] [ERROR] Failed to load resource: net::ERR_CONNECTION_REFUSED @ http://localhost:4173/:0
[  659013ms] [ERROR] Failed to load resource: net::ERR_CONNECTION_REFUSED @ http://localhost:4173/:0
[  660016ms] [ERROR] Failed to load resource: net::ERR_CONNECTION_REFUSED @ http://localhost:4173/:0
[  661021ms] [ERROR] Failed to load resource: net::ERR_CONNECTION_REFUSED @ http://localhost:4173/:0
[  662025ms] [ERROR] Failed to load resource: net::ERR_CONNECTION_REFUSED @ http://localhost:4173/:0
[  663027ms] [ERROR] Failed to load resource: net::ERR_CONNECTION_REFUSED @ http://localhost:4173/:0
[  664031ms] [ERROR] Failed to load resource: net::ERR_CONNECTION_REFUSED @ http://localhost:4173/:0
[  665034ms] [ERROR] Failed to load resource: net::ERR_CONNECTION_REFUSED @ http://localhost:4173/:0
[  666038ms] [ERROR] Failed to load resource: net::ERR_CONNECTION_REFUSED @ http://localhost:4173/:0
[  667041ms] [ERROR] Failed to load resource: net::ERR_CONNECTION_REFUSED @ http://localhost:4173/:0
[  668044ms] [ERROR] Failed to load resource: net::ERR_CONNECTION_REFUSED @ http://localhost:4173/:0
[  669061ms] [ERROR] Failed to load resource: net::ERR_CONNECTION_REFUSED @ http://localhost:4173/:0
[  670063ms] [ERROR] Failed to load resource: net::ERR_CONNECTION_REFUSED @ http://localhost:4173/:0
[  671067ms] [ERROR] Failed to load resource: net::ERR_CONNECTION_REFUSED @ http://localhost:4173/:0
[  672071ms] [ERROR] Failed to load resource: net::ERR_CONNECTION_REFUSED @ http://localhost:4173/:0
[  673075ms] [ERROR] Failed to load resource: net::ERR_CONNECTION_REFUSED @ http://localhost:4173/:0
[  674078ms] [ERROR] Failed to load resource: net::ERR_CONNECTION_REFUSED @ http://localhost:4173/:0
[  675082ms] [ERROR] Failed to load resource: net::ERR_CONNECTION_REFUSED @ http://localhost:4173/:0
[  676085ms] [ERROR] Failed to load resource: net::ERR_CONNECTION_REFUSED @ http://localhost:4173/:0
[  677089ms] [ERROR] Failed to load resource: net::ERR_CONNECTION_REFUSED @ http://localhost:4173/:0
[  682547ms] [INFO] %cDownload the React DevTools for a better development experience: https://reactjs.org/link/react-devtools font-weight:bold @ http://localhost:4173/node_modules/.vite/deps/chunk-PJEEZAML.js?v=bd30edda:21550
[  682709ms] [WARNING] ⚠️ React Router Future Flag Warning: React Router will begin wrapping state updates in `React.startTransition` in v7. You can use the `v7_startTransition` future flag to opt-in early. For more information, see https://reactrouter.com/v6/upgrading/future#v7_starttransition. @ http://localhost:4173/node_modules/.vite/deps/react-router-dom.js?v=bd30edda:4426
[  682711ms] [WARNING] ⚠️ React Router Future Flag Warning: Relative route resolution within Splat routes is changing in v7. You can use the `v7_relativeSplatPath` future flag to opt-in early. For more information, see https://reactrouter.com/v6/upgrading/future#v7_relativesplatpath. @ http://localhost:4173/node_modules/.vite/deps/react-router-dom.js?v=bd30edda:4426
[  702876ms] [LOG] [vite] server connection lost. Polling for restart... @ http://localhost:4173/@vite/client:559
[  702880ms] [ERROR] Failed to load resource: net::ERR_CONNECTION_REFUSED @ http://localhost:4173/:0
[  703885ms] [ERROR] Failed to load resource: net::ERR_CONNECTION_REFUSED @ http://localhost:4173/:0
[  704888ms] [ERROR] Failed to load resource: net::ERR_CONNECTION_REFUSED @ http://localhost:4173/:0
[  705892ms] [ERROR] Failed to load resource: net::ERR_CONNECTION_REFUSED @ http://localhost:4173/:0
[  706896ms] [ERROR] Failed to load resource: net::ERR_CONNECTION_REFUSED @ http://localhost:4173/:0
[  707900ms] [ERROR] Failed to load resource: net::ERR_CONNECTION_REFUSED @ http://localhost:4173/:0
[  708904ms] [ERROR] Failed to load resource: net::ERR_CONNECTION_REFUSED @ http://localhost:4173/:0
[  709908ms] [ERROR] Failed to load resource: net::ERR_CONNECTION_REFUSED @ http://localhost:4173/:0
[  710911ms] [ERROR] Failed to load resource: net::ERR_CONNECTION_REFUSED @ http://localhost:4173/:0
[  711913ms] [ERROR] Failed to load resource: net::ERR_CONNECTION_REFUSED @ http://localhost:4173/:0
[  712916ms] [ERROR] Failed to load resource: net::ERR_CONNECTION_REFUSED @ http://localhost:4173/:0
[  713920ms] [ERROR] Failed to load resource: net::ERR_CONNECTION_REFUSED @ http://localhost:4173/:0
[  714923ms] [ERROR] Failed to load resource: net::ERR_CONNECTION_REFUSED @ http://localhost:4173/:0
[  715927ms] [ERROR] Failed to load resource: net::ERR_CONNECTION_REFUSED @ http://localhost:4173/:0
[  716931ms] [ERROR] Failed to load resource: net::ERR_CONNECTION_REFUSED @ http://localhost:4173/:0
[  717933ms] [ERROR] Failed to load resource: net::ERR_CONNECTION_REFUSED @ http://localhost:4173/:0
[  718937ms] [ERROR] Failed to load resource: net::ERR_CONNECTION_REFUSED @ http://localhost:4173/:0
[  719940ms] [ERROR] Failed to load resource: net::ERR_CONNECTION_REFUSED @ http://localhost:4173/:0
[  720943ms] [ERROR] Failed to load resource: net::ERR_CONNECTION_REFUSED @ http://localhost:4173/:0
[  721946ms] [ERROR] Failed to load resource: net::ERR_CONNECTION_REFUSED @ http://localhost:4173/:0
[  722956ms] [ERROR] Failed to load resource: net::ERR_CONNECTION_REFUSED @ http://localhost:4173/:0
[  723959ms] [ERROR] Failed to load resource: net::ERR_CONNECTION_REFUSED @ http://localhost:4173/:0
[  724964ms] [ERROR] Failed to load resource: net::ERR_CONNECTION_REFUSED @ http://localhost:4173/:0
[  725966ms] [ERROR] Failed to load resource: net::ERR_CONNECTION_REFUSED @ http://localhost:4173/:0
[  726970ms] [ERROR] Failed to load resource: net::ERR_CONNECTION_REFUSED @ http://localhost:4173/:0
[  727972ms] [ERROR] Failed to load resource: net::ERR_CONNECTION_REFUSED @ http://localhost:4173/:0
[  728975ms] [ERROR] Failed to load resource: net::ERR_CONNECTION_REFUSED @ http://localhost:4173/:0
[  729978ms] [ERROR] Failed to load resource: net::ERR_CONNECTION_REFUSED @ http://localhost:4173/:0
[  730981ms] [ERROR] Failed to load resource: net::ERR_CONNECTION_REFUSED @ http://localhost:4173/:0
[  731985ms] [ERROR] Failed to load resource: net::ERR_CONNECTION_REFUSED @ http://localhost:4173/:0
[  732991ms] [ERROR] Failed to load resource: net::ERR_CONNECTION_REFUSED @ http://localhost:4173/:0
[  733994ms] [ERROR] Failed to load resource: net::ERR_CONNECTION_REFUSED @ http://localhost:4173/:0
[  734997ms] [ERROR] Failed to load resource: net::ERR_CONNECTION_REFUSED @ http://localhost:4173/:0
[  736000ms] [ERROR] Failed to load resource: net::ERR_CONNECTION_REFUSED @ http://localhost:4173/:0
[  737003ms] [ERROR] Failed to load resource: net::ERR_CONNECTION_REFUSED @ http://localhost:4173/:0
[  738008ms] [ERROR] Failed to load resource: net::ERR_CONNECTION_REFUSED @ http://localhost:4173/:0
[  739012ms] [ERROR] Failed to load resource: net::ERR_CONNECTION_REFUSED @ http://localhost:4173/:0
[  740015ms] [ERROR] Failed to load resource: net::ERR_CONNECTION_REFUSED @ http://localhost:4173/:0
[  741018ms] [ERROR] Failed to load resource: net::ERR_CONNECTION_REFUSED @ http://localhost:4173/:0
[  742022ms] [ERROR] Failed to load resource: net::ERR_CONNECTION_REFUSED @ http://localhost:4173/:0
[  743025ms] [ERROR] Failed to load resource: net::ERR_CONNECTION_REFUSED @ http://localhost:4173/:0
[  744029ms] [ERROR] Failed to load resource: net::ERR_CONNECTION_REFUSED @ http://localhost:4173/:0
[  745034ms] [ERROR] Failed to load resource: net::ERR_CONNECTION_REFUSED @ http://localhost:4173/:0
[  746037ms] [ERROR] Failed to load resource: net::ERR_CONNECTION_REFUSED @ http://localhost:4173/:0
[  747042ms] [ERROR] Failed to load resource: net::ERR_CONNECTION_REFUSED @ http://localhost:4173/:0
[  748045ms] [ERROR] Failed to load resource: net::ERR_CONNECTION_REFUSED @ http://localhost:4173/:0
[  749048ms] [ERROR] Failed to load resource: net::ERR_CONNECTION_REFUSED @ http://localhost:4173/:0
[  750051ms] [ERROR] Failed to load resource: net::ERR_CONNECTION_REFUSED @ http://localhost:4173/:0
[  751054ms] [ERROR] Failed to load resource: net::ERR_CONNECTION_REFUSED @ http://localhost:4173/:0
[  752058ms] [ERROR] Failed to load resource: net::ERR_CONNECTION_REFUSED @ http://localhost:4173/:0
[  753066ms] [ERROR] Failed to load resource: net::ERR_CONNECTION_REFUSED @ http://localhost:4173/:0
[  754075ms] [ERROR] Failed to load resource: net::ERR_CONNECTION_REFUSED @ http://localhost:4173/:0
[  755078ms] [ERROR] Failed to load resource: net::ERR_CONNECTION_REFUSED @ http://localhost:4173/:0
[  756081ms] [ERROR] Failed to load resource: net::ERR_CONNECTION_REFUSED @ http://localhost:4173/:0
[  757090ms] [ERROR] Failed to load resource: net::ERR_CONNECTION_REFUSED @ http://localhost:4173/:0
[  758094ms] [ERROR] Failed to load resource: net::ERR_CONNECTION_REFUSED @ http://localhost:4173/:0
[  759097ms] [ERROR] Failed to load resource: net::ERR_CONNECTION_REFUSED @ http://localhost:4173/:0
[  760100ms] [ERROR] Failed to load resource: net::ERR_CONNECTION_REFUSED @ http://localhost:4173/:0
[  761107ms] [ERROR] Failed to load resource: net::ERR_CONNECTION_REFUSED @ http://localhost:4173/:0
[  762112ms] [ERROR] Failed to load resource: net::ERR_CONNECTION_REFUSED @ http://localhost:4173/:0
[  763115ms] [ERROR] Failed to load resource: net::ERR_CONNECTION_REFUSED @ http://localhost:4173/:0
[  764128ms] [ERROR] Failed to load resource: net::ERR_CONNECTION_REFUSED @ http://localhost:4173/:0
[  765133ms] [ERROR] Failed to load resource: net::ERR_CONNECTION_REFUSED @ http://localhost:4173/:0
[  766141ms] [ERROR] Failed to load resource: net::ERR_CONNECTION_REFUSED @ http://localhost:4173/:0
[  767144ms] [ERROR] Failed to load resource: net::ERR_CONNECTION_REFUSED @ http://localhost:4173/:0
[  768147ms] [ERROR] Failed to load resource: net::ERR_CONNECTION_REFUSED @ http://localhost:4173/:0
[  769152ms] [ERROR] Failed to load resource: net::ERR_CONNECTION_REFUSED @ http://localhost:4173/:0
[  770155ms] [ERROR] Failed to load resource: net::ERR_CONNECTION_REFUSED @ http://localhost:4173/:0
[  771159ms] [ERROR] Failed to load resource: net::ERR_CONNECTION_REFUSED @ http://localhost:4173/:0
[  772163ms] [ERROR] Failed to load resource: net::ERR_CONNECTION_REFUSED @ http://localhost:4173/:0
[  773166ms] [ERROR] Failed to load resource: net::ERR_CONNECTION_REFUSED @ http://localhost:4173/:0
[  774171ms] [ERROR] Failed to load resource: net::ERR_CONNECTION_REFUSED @ http://localhost:4173/:0
[  775178ms] [ERROR] Failed to load resource: net::ERR_CONNECTION_REFUSED @ http://localhost:4173/:0
[  776181ms] [ERROR] Failed to load resource: net::ERR_CONNECTION_REFUSED @ http://localhost:4173/:0
[  777186ms] [ERROR] Failed to load resource: net::ERR_CONNECTION_REFUSED @ http://localhost:4173/:0
[  778191ms] [ERROR] Failed to load resource: net::ERR_CONNECTION_REFUSED @ http://localhost:4173/:0
[  779195ms] [ERROR] Failed to load resource: net::ERR_CONNECTION_REFUSED @ http://localhost:4173/:0
[  780198ms] [ERROR] Failed to load resource: net::ERR_CONNECTION_REFUSED @ http://localhost:4173/:0
[  781201ms] [ERROR] Failed to load resource: net::ERR_CONNECTION_REFUSED @ http://localhost:4173/:0
[  782206ms] [ERROR] Failed to load resource: net::ERR_CONNECTION_REFUSED @ http://localhost:4173/:0
[  783210ms] [ERROR] Failed to load resource: net::ERR_CONNECTION_REFUSED @ http://localhost:4173/:0
[  784214ms] [ERROR] Failed to load resource: net::ERR_CONNECTION_REFUSED @ http://localhost:4173/:0
[  785218ms] [ERROR] Failed to load resource: net::ERR_CONNECTION_REFUSED @ http://localhost:4173/:0
[  786222ms] [ERROR] Failed to load resource: net::ERR_CONNECTION_REFUSED @ http://localhost:4173/:0
[  787225ms] [ERROR] Failed to load resource: net::ERR_CONNECTION_REFUSED @ http://localhost:4173/:0
[  788228ms] [ERROR] Failed to load resource: net::ERR_CONNECTION_REFUSED @ http://localhost:4173/:0
[  789232ms] [ERROR] Failed to load resource: net::ERR_CONNECTION_REFUSED @ http://localhost:4173/:0
[  790235ms] [ERROR] Failed to load resource: net::ERR_CONNECTION_REFUSED @ http://localhost:4173/:0
[  791238ms] [ERROR] Failed to load resource: net::ERR_CONNECTION_REFUSED @ http://localhost:4173/:0
[  792242ms] [ERROR] Failed to load resource: net::ERR_CONNECTION_REFUSED @ http://localhost:4173/:0
[  793244ms] [ERROR] Failed to load resource: net::ERR_CONNECTION_REFUSED @ http://localhost:4173/:0
[  794248ms] [ERROR] Failed to load resource: net::ERR_CONNECTION_REFUSED @ http://localhost:4173/:0
[  795253ms] [ERROR] Failed to load resource: net::ERR_CONNECTION_REFUSED @ http://localhost:4173/:0
[  796257ms] [ERROR] Failed to load resource: net::ERR_CONNECTION_REFUSED @ http://localhost:4173/:0
[  797260ms] [ERROR] Failed to load resource: net::ERR_CONNECTION_REFUSED @ http://localhost:4173/:0
[  798262ms] [ERROR] Failed to load resource: net::ERR_CONNECTION_REFUSED @ http://localhost:4173/:0
[  799266ms] [ERROR] Failed to load resource: net::ERR_CONNECTION_REFUSED @ http://localhost:4173/:0
[  800269ms] [ERROR] Failed to load resource: net::ERR_CONNECTION_REFUSED @ http://localhost:4173/:0
[  801273ms] [ERROR] Failed to load resource: net::ERR_CONNECTION_REFUSED @ http://localhost:4173/:0
[  802276ms] [ERROR] Failed to load resource: net::ERR_CONNECTION_REFUSED @ http://localhost:4173/:0
[  803279ms] [ERROR] Failed to load resource: net::ERR_CONNECTION_REFUSED @ http://localhost:4173/:0
[  804282ms] [ERROR] Failed to load resource: net::ERR_CONNECTION_REFUSED @ http://localhost:4173/:0
[  805286ms] [ERROR] Failed to load resource: net::ERR_CONNECTION_REFUSED @ http://localhost:4173/:0
[  806290ms] [ERROR] Failed to load resource: net::ERR_CONNECTION_REFUSED @ http://localhost:4173/:0
[  807292ms] [ERROR] Failed to load resource: net::ERR_CONNECTION_REFUSED @ http://localhost:4173/:0
[  808296ms] [ERROR] Failed to load resource: net::ERR_CONNECTION_REFUSED @ http://localhost:4173/:0
[  809300ms] [ERROR] Failed to load resource: net::ERR_CONNECTION_REFUSED @ http://localhost:4173/:0
[  810303ms] [ERROR] Failed to load resource: net::ERR_CONNECTION_REFUSED @ http://localhost:4173/:0
[  811307ms] [ERROR] Failed to load resource: net::ERR_CONNECTION_REFUSED @ http://localhost:4173/:0
[  812311ms] [ERROR] Failed to load resource: net::ERR_CONNECTION_REFUSED @ http://localhost:4173/:0
[  813314ms] [ERROR] Failed to load resource: net::ERR_CONNECTION_REFUSED @ http://localhost:4173/:0
[  814318ms] [ERROR] Failed to load resource: net::ERR_CONNECTION_REFUSED @ http://localhost:4173/:0
[  815323ms] [ERROR] Failed to load resource: net::ERR_CONNECTION_REFUSED @ http://localhost:4173/:0
[  816327ms] [ERROR] Failed to load resource: net::ERR_CONNECTION_REFUSED @ http://localhost:4173/:0
[  817333ms] [ERROR] Failed to load resource: net::ERR_CONNECTION_REFUSED @ http://localhost:4173/:0
[  818339ms] [ERROR] Failed to load resource: net::ERR_CONNECTION_REFUSED @ http://localhost:4173/:0
[  819343ms] [ERROR] Failed to load resource: net::ERR_CONNECTION_REFUSED @ http://localhost:4173/:0
[  820345ms] [ERROR] Failed to load resource: net::ERR_CONNECTION_REFUSED @ http://localhost:4173/:0
[  821349ms] [ERROR] Failed to load resource: net::ERR_CONNECTION_REFUSED @ http://localhost:4173/:0
[  822352ms] [ERROR] Failed to load resource: net::ERR_CONNECTION_REFUSED @ http://localhost:4173/:0
[  823357ms] [ERROR] Failed to load resource: net::ERR_CONNECTION_REFUSED @ http://localhost:4173/:0
[  824361ms] [ERROR] Failed to load resource: net::ERR_CONNECTION_REFUSED @ http://localhost:4173/:0
[  825365ms] [ERROR] Failed to load resource: net::ERR_CONNECTION_REFUSED @ http://localhost:4173/:0
[  826368ms] [ERROR] Failed to load resource: net::ERR_CONNECTION_REFUSED @ http://localhost:4173/:0
[  827372ms] [ERROR] Failed to load resource: net::ERR_CONNECTION_REFUSED @ http://localhost:4173/:0
[  828375ms] [ERROR] Failed to load resource: net::ERR_CONNECTION_REFUSED @ http://localhost:4173/:0
[  829378ms] [ERROR] Failed to load resource: net::ERR_CONNECTION_REFUSED @ http://localhost:4173/:0
[  830381ms] [ERROR] Failed to load resource: net::ERR_CONNECTION_REFUSED @ http://localhost:4173/:0
[  831385ms] [ERROR] Failed to load resource: net::ERR_CONNECTION_REFUSED @ http://localhost:4173/:0
[  832388ms] [ERROR] Failed to load resource: net::ERR_CONNECTION_REFUSED @ http://localhost:4173/:0
[  833391ms] [ERROR] Failed to load resource: net::ERR_CONNECTION_REFUSED @ http://localhost:4173/:0
[  834395ms] [ERROR] Failed to load resource: net::ERR_CONNECTION_REFUSED @ http://localhost:4173/:0
[  835398ms] [ERROR] Failed to load resource: net::ERR_CONNECTION_REFUSED @ http://localhost:4173/:0
[  836402ms] [ERROR] Failed to load resource: net::ERR_CONNECTION_REFUSED @ http://localhost:4173/:0
[  837407ms] [ERROR] Failed to load resource: net::ERR_CONNECTION_REFUSED @ http://localhost:4173/:0
[  838412ms] [ERROR] Failed to load resource: net::ERR_CONNECTION_REFUSED @ http://localhost:4173/:0
[  839416ms] [ERROR] Failed to load resource: net::ERR_CONNECTION_REFUSED @ http://localhost:4173/:0
[  840420ms] [ERROR] Failed to load resource: net::ERR_CONNECTION_REFUSED @ http://localhost:4173/:0
[  841423ms] [ERROR] Failed to load resource: net::ERR_CONNECTION_REFUSED @ http://localhost:4173/:0
[  842427ms] [ERROR] Failed to load resource: net::ERR_CONNECTION_REFUSED @ http://localhost:4173/:0
[  843431ms] [ERROR] Failed to load resource: net::ERR_CONNECTION_REFUSED @ http://localhost:4173/:0
[  844435ms] [ERROR] Failed to load resource: net::ERR_CONNECTION_REFUSED @ http://localhost:4173/:0
[  845437ms] [ERROR] Failed to load resource: net::ERR_CONNECTION_REFUSED @ http://localhost:4173/:0
[  846440ms] [ERROR] Failed to load resource: net::ERR_CONNECTION_REFUSED @ http://localhost:4173/:0
[  847443ms] [ERROR] Failed to load resource: net::ERR_CONNECTION_REFUSED @ http://localhost:4173/:0
[  848447ms] [ERROR] Failed to load resource: net::ERR_CONNECTION_REFUSED @ http://localhost:4173/:0
[  849450ms] [ERROR] Failed to load resource: net::ERR_CONNECTION_REFUSED @ http://localhost:4173/:0
[  850454ms] [ERROR] Failed to load resource: net::ERR_CONNECTION_REFUSED @ http://localhost:4173/:0
[  851457ms] [ERROR] Failed to load resource: net::ERR_CONNECTION_REFUSED @ http://localhost:4173/:0
[  852464ms] [ERROR] Failed to load resource: net::ERR_CONNECTION_REFUSED @ http://localhost:4173/:0
[  853469ms] [ERROR] Failed to load resource: net::ERR_CONNECTION_REFUSED @ http://localhost:4173/:0
[  854472ms] [ERROR] Failed to load resource: net::ERR_CONNECTION_REFUSED @ http://localhost:4173/:0
[  855476ms] [ERROR] Failed to load resource: net::ERR_CONNECTION_REFUSED @ http://localhost:4173/:0
[  856479ms] [ERROR] Failed to load resource: net::ERR_CONNECTION_REFUSED @ http://localhost:4173/:0
[  857493ms] [ERROR] Failed to load resource: net::ERR_CONNECTION_REFUSED @ http://localhost:4173/:0
[  858497ms] [ERROR] Failed to load resource: net::ERR_CONNECTION_REFUSED @ http://localhost:4173/:0
[  859503ms] [ERROR] Failed to load resource: net::ERR_CONNECTION_REFUSED @ http://localhost:4173/:0
[  860511ms] [ERROR] Failed to load resource: net::ERR_CONNECTION_REFUSED @ http://localhost:4173/:0
[  861518ms] [ERROR] Failed to load resource: net::ERR_CONNECTION_REFUSED @ http://localhost:4173/:0
[  862522ms] [ERROR] Failed to load resource: net::ERR_CONNECTION_REFUSED @ http://localhost:4173/:0
[  863526ms] [ERROR] Failed to load resource: net::ERR_CONNECTION_REFUSED @ http://localhost:4173/:0
[  864529ms] [ERROR] Failed to load resource: net::ERR_CONNECTION_REFUSED @ http://localhost:4173/:0
[  865534ms] [ERROR] Failed to load resource: net::ERR_CONNECTION_REFUSED @ http://localhost:4173/:0
[  866537ms] [ERROR] Failed to load resource: net::ERR_CONNECTION_REFUSED @ http://localhost:4173/:0
[  867541ms] [ERROR] Failed to load resource: net::ERR_CONNECTION_REFUSED @ http://localhost:4173/:0
[  868544ms] [ERROR] Failed to load resource: net::ERR_CONNECTION_REFUSED @ http://localhost:4173/:0
[  869551ms] [ERROR] Failed to load resource: net::ERR_CONNECTION_REFUSED @ http://localhost:4173/:0
[  870554ms] [ERROR] Failed to load resource: net::ERR_CONNECTION_REFUSED @ http://localhost:4173/:0
[  871558ms] [ERROR] Failed to load resource: net::ERR_CONNECTION_REFUSED @ http://localhost:4173/:0
[  872560ms] [ERROR] Failed to load resource: net::ERR_CONNECTION_REFUSED @ http://localhost:4173/:0
[  873564ms] [ERROR] Failed to load resource: net::ERR_CONNECTION_REFUSED @ http://localhost:4173/:0
[  874568ms] [ERROR] Failed to load resource: net::ERR_CONNECTION_REFUSED @ http://localhost:4173/:0
[  875572ms] [ERROR] Failed to load resource: net::ERR_CONNECTION_REFUSED @ http://localhost:4173/:0
[  876575ms] [ERROR] Failed to load resource: net::ERR_CONNECTION_REFUSED @ http://localhost:4173/:0
[  877578ms] [ERROR] Failed to load resource: net::ERR_CONNECTION_REFUSED @ http://localhost:4173/:0
[  878580ms] [ERROR] Failed to load resource: net::ERR_CONNECTION_REFUSED @ http://localhost:4173/:0
[  879584ms] [ERROR] Failed to load resource: net::ERR_CONNECTION_REFUSED @ http://localhost:4173/:0
[  880588ms] [ERROR] Failed to load resource: net::ERR_CONNECTION_REFUSED @ http://localhost:4173/:0
[  881591ms] [ERROR] Failed to load resource: net::ERR_CONNECTION_REFUSED @ http://localhost:4173/:0
[  882595ms] [ERROR] Failed to load resource: net::ERR_CONNECTION_REFUSED @ http://localhost:4173/:0
[  883603ms] [ERROR] Failed to load resource: net::ERR_CONNECTION_REFUSED @ http://localhost:4173/:0
[  884607ms] [ERROR] Failed to load resource: net::ERR_CONNECTION_REFUSED @ http://localhost:4173/:0
[  885611ms] [ERROR] Failed to load resource: net::ERR_CONNECTION_REFUSED @ http://localhost:4173/:0
[  886617ms] [ERROR] Failed to load resource: net::ERR_CONNECTION_REFUSED @ http://localhost:4173/:0
[  887619ms] [ERROR] Failed to load resource: net::ERR_CONNECTION_REFUSED @ http://localhost:4173/:0
[  888624ms] [ERROR] Failed to load resource: net::ERR_CONNECTION_REFUSED @ http://localhost:4173/:0
[  889628ms] [ERROR] Failed to load resource: net::ERR_CONNECTION_REFUSED @ http://localhost:4173/:0
[  890632ms] [ERROR] Failed to load resource: net::ERR_CONNECTION_REFUSED @ http://localhost:4173/:0
[  891635ms] [ERROR] Failed to load resource: net::ERR_CONNECTION_REFUSED @ http://localhost:4173/:0
[  892641ms] [ERROR] Failed to load resource: net::ERR_CONNECTION_REFUSED @ http://localhost:4173/:0
[  893644ms] [ERROR] Failed to load resource: net::ERR_CONNECTION_REFUSED @ http://localhost:4173/:0
[  894648ms] [ERROR] Failed to load resource: net::ERR_CONNECTION_REFUSED @ http://localhost:4173/:0
[  895651ms] [ERROR] Failed to load resource: net::ERR_CONNECTION_REFUSED @ http://localhost:4173/:0
[  896656ms] [ERROR] Failed to load resource: net::ERR_CONNECTION_REFUSED @ http://localhost:4173/:0
[  897659ms] [ERROR] Failed to load resource: net::ERR_CONNECTION_REFUSED @ http://localhost:4173/:0
[  898663ms] [ERROR] Failed to load resource: net::ERR_CONNECTION_REFUSED @ http://localhost:4173/:0
[  899666ms] [ERROR] Failed to load resource: net::ERR_CONNECTION_REFUSED @ http://localhost:4173/:0
[  900671ms] [ERROR] Failed to load resource: net::ERR_CONNECTION_REFUSED @ http://localhost:4173/:0
[  901674ms] [ERROR] Failed to load resource: net::ERR_CONNECTION_REFUSED @ http://localhost:4173/:0
[  902680ms] [ERROR] Failed to load resource: net::ERR_CONNECTION_REFUSED @ http://localhost:4173/:0
[  903684ms] [ERROR] Failed to load resource: net::ERR_CONNECTION_REFUSED @ http://localhost:4173/:0
[  904688ms] [ERROR] Failed to load resource: net::ERR_CONNECTION_REFUSED @ http://localhost:4173/:0
[  905691ms] [ERROR] Failed to load resource: net::ERR_CONNECTION_REFUSED @ http://localhost:4173/:0
[  906694ms] [ERROR] Failed to load resource: net::ERR_CONNECTION_REFUSED @ http://localhost:4173/:0
[  907698ms] [ERROR] Failed to load resource: net::ERR_CONNECTION_REFUSED @ http://localhost:4173/:0
[  908704ms] [ERROR] Failed to load resource: net::ERR_CONNECTION_REFUSED @ http://localhost:4173/:0
[  909707ms] [ERROR] Failed to load resource: net::ERR_CONNECTION_REFUSED @ http://localhost:4173/:0
[  910711ms] [ERROR] Failed to load resource: net::ERR_CONNECTION_REFUSED @ http://localhost:4173/:0
[  911714ms] [ERROR] Failed to load resource: net::ERR_CONNECTION_REFUSED @ http://localhost:4173/:0
[  912718ms] [ERROR] Failed to load resource: net::ERR_CONNECTION_REFUSED @ http://localhost:4173/:0
[  913722ms] [ERROR] Failed to load resource: net::ERR_CONNECTION_REFUSED @ http://localhost:4173/:0
[  914725ms] [ERROR] Failed to load resource: net::ERR_CONNECTION_REFUSED @ http://localhost:4173/:0
[  915728ms] [ERROR] Failed to load resource: net::ERR_CONNECTION_REFUSED @ http://localhost:4173/:0
[  916732ms] [ERROR] Failed to load resource: net::ERR_CONNECTION_REFUSED @ http://localhost:4173/:0
[  917735ms] [ERROR] Failed to load resource: net::ERR_CONNECTION_REFUSED @ http://localhost:4173/:0
[  918743ms] [ERROR] Failed to load resource: net::ERR_CONNECTION_REFUSED @ http://localhost:4173/:0
[  919746ms] [ERROR] Failed to load resource: net::ERR_CONNECTION_REFUSED @ http://localhost:4173/:0
[  920750ms] [ERROR] Failed to load resource: net::ERR_CONNECTION_REFUSED @ http://localhost:4173/:0
[  921753ms] [ERROR] Failed to load resource: net::ERR_CONNECTION_REFUSED @ http://localhost:4173/:0
[  922757ms] [ERROR] Failed to load resource: net::ERR_CONNECTION_REFUSED @ http://localhost:4173/:0
[  923761ms] [ERROR] Failed to load resource: net::ERR_CONNECTION_REFUSED @ http://localhost:4173/:0
[  924765ms] [ERROR] Failed to load resource: net::ERR_CONNECTION_REFUSED @ http://localhost:4173/:0
[  925768ms] [ERROR] Failed to load resource: net::ERR_CONNECTION_REFUSED @ http://localhost:4173/:0
[  926771ms] [ERROR] Failed to load resource: net::ERR_CONNECTION_REFUSED @ http://localhost:4173/:0
[  927775ms] [ERROR] Failed to load resource: net::ERR_CONNECTION_REFUSED @ http://localhost:4173/:0
[  928780ms] [ERROR] Failed to load resource: net::ERR_CONNECTION_REFUSED @ http://localhost:4173/:0
[  929784ms] [ERROR] Failed to load resource: net::ERR_CONNECTION_REFUSED @ http://localhost:4173/:0
[  930788ms] [ERROR] Failed to load resource: net::ERR_CONNECTION_REFUSED @ http://localhost:4173/:0
[  931793ms] [ERROR] Failed to load resource: net::ERR_CONNECTION_REFUSED @ http://localhost:4173/:0
[  932796ms] [ERROR] Failed to load resource: net::ERR_CONNECTION_REFUSED @ http://localhost:4173/:0
[  933800ms] [ERROR] Failed to load resource: net::ERR_CONNECTION_REFUSED @ http://localhost:4173/:0
[  934804ms] [ERROR] Failed to load resource: net::ERR_CONNECTION_REFUSED @ http://localhost:4173/:0
[  935808ms] [ERROR] Failed to load resource: net::ERR_CONNECTION_REFUSED @ http://localhost:4173/:0
[  936813ms] [ERROR] Failed to load resource: net::ERR_CONNECTION_REFUSED @ http://localhost:4173/:0
[  937817ms] [ERROR] Failed to load resource: net::ERR_CONNECTION_REFUSED @ http://localhost:4173/:0
[  938821ms] [ERROR] Failed to load resource: net::ERR_CONNECTION_REFUSED @ http://localhost:4173/:0
[  939825ms] [ERROR] Failed to load resource: net::ERR_CONNECTION_REFUSED @ http://localhost:4173/:0
[  940830ms] [ERROR] Failed to load resource: net::ERR_CONNECTION_REFUSED @ http://localhost:4173/:0
[  941834ms] [ERROR] Failed to load resource: net::ERR_CONNECTION_REFUSED @ http://localhost:4173/:0
[  942838ms] [ERROR] Failed to load resource: net::ERR_CONNECTION_REFUSED @ http://localhost:4173/:0
[  943843ms] [ERROR] Failed to load resource: net::ERR_CONNECTION_REFUSED @ http://localhost:4173/:0
[  944848ms] [ERROR] Failed to load resource: net::ERR_CONNECTION_REFUSED @ http://localhost:4173/:0
[  945851ms] [ERROR] Failed to load resource: net::ERR_CONNECTION_REFUSED @ http://localhost:4173/:0
[  946854ms] [ERROR] Failed to load resource: net::ERR_CONNECTION_REFUSED @ http://localhost:4173/:0
[  947858ms] [ERROR] Failed to load resource: net::ERR_CONNECTION_REFUSED @ http://localhost:4173/:0
[  948862ms] [ERROR] Failed to load resource: net::ERR_CONNECTION_REFUSED @ http://localhost:4173/:0
[  949867ms] [ERROR] Failed to load resource: net::ERR_CONNECTION_REFUSED @ http://localhost:4173/:0
[  950871ms] [ERROR] Failed to load resource: net::ERR_CONNECTION_REFUSED @ http://localhost:4173/:0
[  951875ms] [ERROR] Failed to load resource: net::ERR_CONNECTION_REFUSED @ http://localhost:4173/:0
[  952879ms] [ERROR] Failed to load resource: net::ERR_CONNECTION_REFUSED @ http://localhost:4173/:0
[  953882ms] [ERROR] Failed to load resource: net::ERR_CONNECTION_REFUSED @ http://localhost:4173/:0
[  954886ms] [ERROR] Failed to load resource: net::ERR_CONNECTION_REFUSED @ http://localhost:4173/:0
[  955889ms] [ERROR] Failed to load resource: net::ERR_CONNECTION_REFUSED @ http://localhost:4173/:0
[  956893ms] [ERROR] Failed to load resource: net::ERR_CONNECTION_REFUSED @ http://localhost:4173/:0
[  957896ms] [ERROR] Failed to load resource: net::ERR_CONNECTION_REFUSED @ http://localhost:4173/:0
[  958899ms] [ERROR] Failed to load resource: net::ERR_CONNECTION_REFUSED @ http://localhost:4173/:0
[  959902ms] [ERROR] Failed to load resource: net::ERR_CONNECTION_REFUSED @ http://localhost:4173/:0
[  960907ms] [ERROR] Failed to load resource: net::ERR_CONNECTION_REFUSED @ http://localhost:4173/:0
[  961910ms] [ERROR] Failed to load resource: net::ERR_CONNECTION_REFUSED @ http://localhost:4173/:0
[  962913ms] [ERROR] Failed to load resource: net::ERR_CONNECTION_REFUSED @ http://localhost:4173/:0
[  963917ms] [ERROR] Failed to load resource: net::ERR_CONNECTION_REFUSED @ http://localhost:4173/:0
[  964924ms] [ERROR] Failed to load resource: net::ERR_CONNECTION_REFUSED @ http://localhost:4173/:0
[  965929ms] [ERROR] Failed to load resource: net::ERR_CONNECTION_REFUSED @ http://localhost:4173/:0
[  966933ms] [ERROR] Failed to load resource: net::ERR_CONNECTION_REFUSED @ http://localhost:4173/:0
[  967937ms] [ERROR] Failed to load resource: net::ERR_CONNECTION_REFUSED @ http://localhost:4173/:0
[  968955ms] [ERROR] Failed to load resource: net::ERR_CONNECTION_REFUSED @ http://localhost:4173/:0
[  969958ms] [ERROR] Failed to load resource: net::ERR_CONNECTION_REFUSED @ http://localhost:4173/:0
[  970964ms] [ERROR] Failed to load resource: net::ERR_CONNECTION_REFUSED @ http://localhost:4173/:0
[  971968ms] [ERROR] Failed to load resource: net::ERR_CONNECTION_REFUSED @ http://localhost:4173/:0
[  972971ms] [ERROR] Failed to load resource: net::ERR_CONNECTION_REFUSED @ http://localhost:4173/:0
[  973974ms] [ERROR] Failed to load resource: net::ERR_CONNECTION_REFUSED @ http://localhost:4173/:0
[  974979ms] [ERROR] Failed to load resource: net::ERR_CONNECTION_REFUSED @ http://localhost:4173/:0
[  975982ms] [ERROR] Failed to load resource: net::ERR_CONNECTION_REFUSED @ http://localhost:4173/:0
[  976985ms] [ERROR] Failed to load resource: net::ERR_CONNECTION_REFUSED @ http://localhost:4173/:0
[  977992ms] [ERROR] Failed to load resource: net::ERR_CONNECTION_REFUSED @ http://localhost:4173/:0
[  978996ms] [ERROR] Failed to load resource: net::ERR_CONNECTION_REFUSED @ http://localhost:4173/:0
[  979998ms] [ERROR] Failed to load resource: net::ERR_CONNECTION_REFUSED @ http://localhost:4173/:0
[  981002ms] [ERROR] Failed to load resource: net::ERR_CONNECTION_REFUSED @ http://localhost:4173/:0
[  982006ms] [ERROR] Failed to load resource: net::ERR_CONNECTION_REFUSED @ http://localhost:4173/:0
[  983009ms] [ERROR] Failed to load resource: net::ERR_CONNECTION_REFUSED @ http://localhost:4173/:0
[  984013ms] [ERROR] Failed to load resource: net::ERR_CONNECTION_REFUSED @ http://localhost:4173/:0
[  985016ms] [ERROR] Failed to load resource: net::ERR_CONNECTION_REFUSED @ http://localhost:4173/:0
[  986020ms] [ERROR] Failed to load resource: net::ERR_CONNECTION_REFUSED @ http://localhost:4173/:0
[  987024ms] [ERROR] Failed to load resource: net::ERR_CONNECTION_REFUSED @ http://localhost:4173/:0
[  988027ms] [ERROR] Failed to load resource: net::ERR_CONNECTION_REFUSED @ http://localhost:4173/:0
[  989031ms] [ERROR] Failed to load resource: net::ERR_CONNECTION_REFUSED @ http://localhost:4173/:0
[  990034ms] [ERROR] Failed to load resource: net::ERR_CONNECTION_REFUSED @ http://localhost:4173/:0
[  991039ms] [ERROR] Failed to load resource: net::ERR_CONNECTION_REFUSED @ http://localhost:4173/:0
[  992043ms] [ERROR] Failed to load resource: net::ERR_CONNECTION_REFUSED @ http://localhost:4173/:0
[  993047ms] [ERROR] Failed to load resource: net::ERR_CONNECTION_REFUSED @ http://localhost:4173/:0
[  994051ms] [ERROR] Failed to load resource: net::ERR_CONNECTION_REFUSED @ http://localhost:4173/:0
[  995055ms] [ERROR] Failed to load resource: net::ERR_CONNECTION_REFUSED @ http://localhost:4173/:0
[  996058ms] [ERROR] Failed to load resource: net::ERR_CONNECTION_REFUSED @ http://localhost:4173/:0
[  997061ms] [ERROR] Failed to load resource: net::ERR_CONNECTION_REFUSED @ http://localhost:4173/:0
[  998065ms] [ERROR] Failed to load resource: net::ERR_CONNECTION_REFUSED @ http://localhost:4173/:0
[  999070ms] [ERROR] Failed to load resource: net::ERR_CONNECTION_REFUSED @ http://localhost:4173/:0
[ 1000073ms] [ERROR] Failed to load resource: net::ERR_CONNECTION_REFUSED @ http://localhost:4173/:0
[ 1001078ms] [ERROR] Failed to load resource: net::ERR_CONNECTION_REFUSED @ http://localhost:4173/:0
[ 1002081ms] [ERROR] Failed to load resource: net::ERR_CONNECTION_REFUSED @ http://localhost:4173/:0
[ 1003084ms] [ERROR] Failed to load resource: net::ERR_CONNECTION_REFUSED @ http://localhost:4173/:0
[ 1004087ms] [ERROR] Failed to load resource: net::ERR_CONNECTION_REFUSED @ http://localhost:4173/:0
[ 1005090ms] [ERROR] Failed to load resource: net::ERR_CONNECTION_REFUSED @ http://localhost:4173/:0
[ 1006094ms] [ERROR] Failed to load resource: net::ERR_CONNECTION_REFUSED @ http://localhost:4173/:0
[ 1007098ms] [ERROR] Failed to load resource: net::ERR_CONNECTION_REFUSED @ http://localhost:4173/:0
[ 1008101ms] [ERROR] Failed to load resource: net::ERR_CONNECTION_REFUSED @ http://localhost:4173/:0
[ 1009105ms] [ERROR] Failed to load resource: net::ERR_CONNECTION_REFUSED @ http://localhost:4173/:0
[ 1010109ms] [ERROR] Failed to load resource: net::ERR_CONNECTION_REFUSED @ http://localhost:4173/:0
[ 1011114ms] [ERROR] Failed to load resource: net::ERR_CONNECTION_REFUSED @ http://localhost:4173/:0
[ 1012119ms] [ERROR] Failed to load resource: net::ERR_CONNECTION_REFUSED @ http://localhost:4173/:0
[ 1013123ms] [ERROR] Failed to load resource: net::ERR_CONNECTION_REFUSED @ http://localhost:4173/:0
[ 1014127ms] [ERROR] Failed to load resource: net::ERR_CONNECTION_REFUSED @ http://localhost:4173/:0
[ 1015131ms] [ERROR] Failed to load resource: net::ERR_CONNECTION_REFUSED @ http://localhost:4173/:0
[ 1016136ms] [ERROR] Failed to load resource: net::ERR_CONNECTION_REFUSED @ http://localhost:4173/:0
[ 1017140ms] [ERROR] Failed to load resource: net::ERR_CONNECTION_REFUSED @ http://localhost:4173/:0
[ 1018144ms] [ERROR] Failed to load resource: net::ERR_CONNECTION_REFUSED @ http://localhost:4173/:0
[ 1019156ms] [ERROR] Failed to load resource: net::ERR_CONNECTION_REFUSED @ http://localhost:4173/:0
[ 1020160ms] [ERROR] Failed to load resource: net::ERR_CONNECTION_REFUSED @ http://localhost:4173/:0
[ 1021164ms] [ERROR] Failed to load resource: net::ERR_CONNECTION_REFUSED @ http://localhost:4173/:0
[ 1022169ms] [ERROR] Failed to load resource: net::ERR_CONNECTION_REFUSED @ http://localhost:4173/:0
[ 1023174ms] [ERROR] Failed to load resource: net::ERR_CONNECTION_REFUSED @ http://localhost:4173/:0
[ 1024178ms] [ERROR] Failed to load resource: net::ERR_CONNECTION_REFUSED @ http://localhost:4173/:0
[ 1025183ms] [ERROR] Failed to load resource: net::ERR_CONNECTION_REFUSED @ http://localhost:4173/:0
[ 1026186ms] [ERROR] Failed to load resource: net::ERR_CONNECTION_REFUSED @ http://localhost:4173/:0
[ 1027191ms] [ERROR] Failed to load resource: net::ERR_CONNECTION_REFUSED @ http://localhost:4173/:0
[ 1028196ms] [ERROR] Failed to load resource: net::ERR_CONNECTION_REFUSED @ http://localhost:4173/:0
[ 1029200ms] [ERROR] Failed to load resource: net::ERR_CONNECTION_REFUSED @ http://localhost:4173/:0
[ 1030204ms] [ERROR] Failed to load resource: net::ERR_CONNECTION_REFUSED @ http://localhost:4173/:0
[ 1031209ms] [ERROR] Failed to load resource: net::ERR_CONNECTION_REFUSED @ http://localhost:4173/:0
[ 1032213ms] [ERROR] Failed to load resource: net::ERR_CONNECTION_REFUSED @ http://localhost:4173/:0
[ 1033217ms] [ERROR] Failed to load resource: net::ERR_CONNECTION_REFUSED @ http://localhost:4173/:0
[ 1034221ms] [ERROR] Failed to load resource: net::ERR_CONNECTION_REFUSED @ http://localhost:4173/:0
[ 1035223ms] [ERROR] Failed to load resource: net::ERR_CONNECTION_REFUSED @ http://localhost:4173/:0
[ 1036226ms] [ERROR] Failed to load resource: net::ERR_CONNECTION_REFUSED @ http://localhost:4173/:0
[ 1037230ms] [ERROR] Failed to load resource: net::ERR_CONNECTION_REFUSED @ http://localhost:4173/:0
[ 1038234ms] [ERROR] Failed to load resource: net::ERR_CONNECTION_REFUSED @ http://localhost:4173/:0
[ 1039237ms] [ERROR] Failed to load resource: net::ERR_CONNECTION_REFUSED @ http://localhost:4173/:0
[ 1040240ms] [ERROR] Failed to load resource: net::ERR_CONNECTION_REFUSED @ http://localhost:4173/:0
[ 1041243ms] [ERROR] Failed to load resource: net::ERR_CONNECTION_REFUSED @ http://localhost:4173/:0
[ 1042246ms] [ERROR] Failed to load resource: net::ERR_CONNECTION_REFUSED @ http://localhost:4173/:0
[ 1043249ms] [ERROR] Failed to load resource: net::ERR_CONNECTION_REFUSED @ http://localhost:4173/:0
[ 1044255ms] [ERROR] Failed to load resource: net::ERR_CONNECTION_REFUSED @ http://localhost:4173/:0
[ 1045258ms] [ERROR] Failed to load resource: net::ERR_CONNECTION_REFUSED @ http://localhost:4173/:0
[ 1046261ms] [ERROR] Failed to load resource: net::ERR_CONNECTION_REFUSED @ http://localhost:4173/:0
[ 1047265ms] [ERROR] Failed to load resource: net::ERR_CONNECTION_REFUSED @ http://localhost:4173/:0
[ 1048269ms] [ERROR] Failed to load resource: net::ERR_CONNECTION_REFUSED @ http://localhost:4173/:0
[ 1049273ms] [ERROR] Failed to load resource: net::ERR_CONNECTION_REFUSED @ http://localhost:4173/:0
[ 1050278ms] [ERROR] Failed to load resource: net::ERR_CONNECTION_REFUSED @ http://localhost:4173/:0
[ 1051282ms] [ERROR] Failed to load resource: net::ERR_CONNECTION_REFUSED @ http://localhost:4173/:0
[ 1052286ms] [ERROR] Failed to load resource: net::ERR_CONNECTION_REFUSED @ http://localhost:4173/:0
[ 1053290ms] [ERROR] Failed to load resource: net::ERR_CONNECTION_REFUSED @ http://localhost:4173/:0
[ 1054295ms] [ERROR] Failed to load resource: net::ERR_CONNECTION_REFUSED @ http://localhost:4173/:0
[ 1055299ms] [ERROR] Failed to load resource: net::ERR_CONNECTION_REFUSED @ http://localhost:4173/:0
[ 1056303ms] [ERROR] Failed to load resource: net::ERR_CONNECTION_REFUSED @ http://localhost:4173/:0
[ 1057307ms] [ERROR] Failed to load resource: net::ERR_CONNECTION_REFUSED @ http://localhost:4173/:0
[ 1058311ms] [ERROR] Failed to load resource: net::ERR_CONNECTION_REFUSED @ http://localhost:4173/:0
[ 1059316ms] [ERROR] Failed to load resource: net::ERR_CONNECTION_REFUSED @ http://localhost:4173/:0
[ 1060321ms] [ERROR] Failed to load resource: net::ERR_CONNECTION_REFUSED @ http://localhost:4173/:0
[ 1061325ms] [ERROR] Failed to load resource: net::ERR_CONNECTION_REFUSED @ http://localhost:4173/:0
[ 1062330ms] [ERROR] Failed to load resource: net::ERR_CONNECTION_REFUSED @ http://localhost:4173/:0
[ 1063334ms] [ERROR] Failed to load resource: net::ERR_CONNECTION_REFUSED @ http://localhost:4173/:0
[ 1064338ms] [ERROR] Failed to load resource: net::ERR_CONNECTION_REFUSED @ http://localhost:4173/:0
[ 1065342ms] [ERROR] Failed to load resource: net::ERR_CONNECTION_REFUSED @ http://localhost:4173/:0
[ 1066351ms] [ERROR] Failed to load resource: net::ERR_CONNECTION_REFUSED @ http://localhost:4173/:0
[ 1067355ms] [ERROR] Failed to load resource: net::ERR_CONNECTION_REFUSED @ http://localhost:4173/:0
[ 1068358ms] [ERROR] Failed to load resource: net::ERR_CONNECTION_REFUSED @ http://localhost:4173/:0
[ 1069362ms] [ERROR] Failed to load resource: net::ERR_CONNECTION_REFUSED @ http://localhost:4173/:0
[ 1070366ms] [ERROR] Failed to load resource: net::ERR_CONNECTION_REFUSED @ http://localhost:4173/:0
[ 1071369ms] [ERROR] Failed to load resource: net::ERR_CONNECTION_REFUSED @ http://localhost:4173/:0
[ 1072374ms] [ERROR] Failed to load resource: net::ERR_CONNECTION_REFUSED @ http://localhost:4173/:0
[ 1073379ms] [ERROR] Failed to load resource: net::ERR_CONNECTION_REFUSED @ http://localhost:4173/:0
[ 1074383ms] [ERROR] Failed to load resource: net::ERR_CONNECTION_REFUSED @ http://localhost:4173/:0
[ 1075386ms] [ERROR] Failed to load resource: net::ERR_CONNECTION_REFUSED @ http://localhost:4173/:0
[ 1076389ms] [ERROR] Failed to load resource: net::ERR_CONNECTION_REFUSED @ http://localhost:4173/:0
[ 1077392ms] [ERROR] Failed to load resource: net::ERR_CONNECTION_REFUSED @ http://localhost:4173/:0
[ 1078396ms] [ERROR] Failed to load resource: net::ERR_CONNECTION_REFUSED @ http://localhost:4173/:0
[ 1079401ms] [ERROR] Failed to load resource: net::ERR_CONNECTION_REFUSED @ http://localhost:4173/:0
[ 1080406ms] [ERROR] Failed to load resource: net::ERR_CONNECTION_REFUSED @ http://localhost:4173/:0
[ 1081410ms] [ERROR] Failed to load resource: net::ERR_CONNECTION_REFUSED @ http://localhost:4173/:0
[ 1082414ms] [ERROR] Failed to load resource: net::ERR_CONNECTION_REFUSED @ http://localhost:4173/:0
[ 1083418ms] [ERROR] Failed to load resource: net::ERR_CONNECTION_REFUSED @ http://localhost:4173/:0
[ 1084422ms] [ERROR] Failed to load resource: net::ERR_CONNECTION_REFUSED @ http://localhost:4173/:0
[ 1085426ms] [ERROR] Failed to load resource: net::ERR_CONNECTION_REFUSED @ http://localhost:4173/:0
[ 1086429ms] [ERROR] Failed to load resource: net::ERR_CONNECTION_REFUSED @ http://localhost:4173/:0
[ 1087433ms] [ERROR] Failed to load resource: net::ERR_CONNECTION_REFUSED @ http://localhost:4173/:0
[ 1088437ms] [ERROR] Failed to load resource: net::ERR_CONNECTION_REFUSED @ http://localhost:4173/:0
[ 1089442ms] [ERROR] Failed to load resource: net::ERR_CONNECTION_REFUSED @ http://localhost:4173/:0
[ 1090446ms] [ERROR] Failed to load resource: net::ERR_CONNECTION_REFUSED @ http://localhost:4173/:0
[ 1091449ms] [ERROR] Failed to load resource: net::ERR_CONNECTION_REFUSED @ http://localhost:4173/:0
[ 1092453ms] [ERROR] Failed to load resource: net::ERR_CONNECTION_REFUSED @ http://localhost:4173/:0
[ 1093457ms] [ERROR] Failed to load resource: net::ERR_CONNECTION_REFUSED @ http://localhost:4173/:0
[ 1094461ms] [ERROR] Failed to load resource: net::ERR_CONNECTION_REFUSED @ http://localhost:4173/:0
[ 1095466ms] [ERROR] Failed to load resource: net::ERR_CONNECTION_REFUSED @ http://localhost:4173/:0
[ 1096470ms] [ERROR] Failed to load resource: net::ERR_CONNECTION_REFUSED @ http://localhost:4173/:0
[ 1097473ms] [ERROR] Failed to load resource: net::ERR_CONNECTION_REFUSED @ http://localhost:4173/:0
[ 1098477ms] [ERROR] Failed to load resource: net::ERR_CONNECTION_REFUSED @ http://localhost:4173/:0
[ 1099482ms] [ERROR] Failed to load resource: net::ERR_CONNECTION_REFUSED @ http://localhost:4173/:0
[ 1100487ms] [ERROR] Failed to load resource: net::ERR_CONNECTION_REFUSED @ http://localhost:4173/:0
[ 1101492ms] [ERROR] Failed to load resource: net::ERR_CONNECTION_REFUSED @ http://localhost:4173/:0
[ 1102496ms] [ERROR] Failed to load resource: net::ERR_CONNECTION_REFUSED @ http://localhost:4173/:0
[ 1103500ms] [ERROR] Failed to load resource: net::ERR_CONNECTION_REFUSED @ http://localhost:4173/:0
[ 1104503ms] [ERROR] Failed to load resource: net::ERR_CONNECTION_REFUSED @ http://localhost:4173/:0
[ 1105507ms] [ERROR] Failed to load resource: net::ERR_CONNECTION_REFUSED @ http://localhost:4173/:0
[ 1106511ms] [ERROR] Failed to load resource: net::ERR_CONNECTION_REFUSED @ http://localhost:4173/:0
[ 1107515ms] [ERROR] Failed to load resource: net::ERR_CONNECTION_REFUSED @ http://localhost:4173/:0
[ 1108520ms] [ERROR] Failed to load resource: net::ERR_CONNECTION_REFUSED @ http://localhost:4173/:0
[ 1109524ms] [ERROR] Failed to load resource: net::ERR_CONNECTION_REFUSED @ http://localhost:4173/:0
[ 1110529ms] [ERROR] Failed to load resource: net::ERR_CONNECTION_REFUSED @ http://localhost:4173/:0
[ 1111534ms] [ERROR] Failed to load resource: net::ERR_CONNECTION_REFUSED @ http://localhost:4173/:0
[ 1112538ms] [ERROR] Failed to load resource: net::ERR_CONNECTION_REFUSED @ http://localhost:4173/:0
[ 1113541ms] [ERROR] Failed to load resource: net::ERR_CONNECTION_REFUSED @ http://localhost:4173/:0
[ 1114544ms] [ERROR] Failed to load resource: net::ERR_CONNECTION_REFUSED @ http://localhost:4173/:0
[ 1115548ms] [ERROR] Failed to load resource: net::ERR_CONNECTION_REFUSED @ http://localhost:4173/:0
[ 1116552ms] [ERROR] Failed to load resource: net::ERR_CONNECTION_REFUSED @ http://localhost:4173/:0
[ 1117556ms] [ERROR] Failed to load resource: net::ERR_CONNECTION_REFUSED @ http://localhost:4173/:0
[ 1118562ms] [ERROR] Failed to load resource: net::ERR_CONNECTION_REFUSED @ http://localhost:4173/:0
[ 1119566ms] [ERROR] Failed to load resource: net::ERR_CONNECTION_REFUSED @ http://localhost:4173/:0
[ 1120571ms] [ERROR] Failed to load resource: net::ERR_CONNECTION_REFUSED @ http://localhost:4173/:0
[ 1121576ms] [ERROR] Failed to load resource: net::ERR_CONNECTION_REFUSED @ http://localhost:4173/:0
[ 1122581ms] [ERROR] Failed to load resource: net::ERR_CONNECTION_REFUSED @ http://localhost:4173/:0
[ 1123586ms] [ERROR] Failed to load resource: net::ERR_CONNECTION_REFUSED @ http://localhost:4173/:0
[ 1124590ms] [ERROR] Failed to load resource: net::ERR_CONNECTION_REFUSED @ http://localhost:4173/:0
[ 1125594ms] [ERROR] Failed to load resource: net::ERR_CONNECTION_REFUSED @ http://localhost:4173/:0
[ 1126597ms] [ERROR] Failed to load resource: net::ERR_CONNECTION_REFUSED @ http://localhost:4173/:0
[ 1127602ms] [ERROR] Failed to load resource: net::ERR_CONNECTION_REFUSED @ http://localhost:4173/:0
[ 1128606ms] [ERROR] Failed to load resource: net::ERR_CONNECTION_REFUSED @ http://localhost:4173/:0
[ 1129610ms] [ERROR] Failed to load resource: net::ERR_CONNECTION_REFUSED @ http://localhost:4173/:0
[ 1130612ms] [ERROR] Failed to load resource: net::ERR_CONNECTION_REFUSED @ http://localhost:4173/:0
[ 1131616ms] [ERROR] Failed to load resource: net::ERR_CONNECTION_REFUSED @ http://localhost:4173/:0
[ 1132620ms] [ERROR] Failed to load resource: net::ERR_CONNECTION_REFUSED @ http://localhost:4173/:0
[ 1133625ms] [ERROR] Failed to load resource: net::ERR_CONNECTION_REFUSED @ http://localhost:4173/:0
[ 1134629ms] [ERROR] Failed to load resource: net::ERR_CONNECTION_REFUSED @ http://localhost:4173/:0
[ 1135633ms] [ERROR] Failed to load resource: net::ERR_CONNECTION_REFUSED @ http://localhost:4173/:0
[ 1136636ms] [ERROR] Failed to load resource: net::ERR_CONNECTION_REFUSED @ http://localhost:4173/:0
[ 1137641ms] [ERROR] Failed to load resource: net::ERR_CONNECTION_REFUSED @ http://localhost:4173/:0
[ 1138644ms] [ERROR] Failed to load resource: net::ERR_CONNECTION_REFUSED @ http://localhost:4173/:0
[ 1139647ms] [ERROR] Failed to load resource: net::ERR_CONNECTION_REFUSED @ http://localhost:4173/:0
[ 1140651ms] [ERROR] Failed to load resource: net::ERR_CONNECTION_REFUSED @ http://localhost:4173/:0
[ 1141654ms] [ERROR] Failed to load resource: net::ERR_CONNECTION_REFUSED @ http://localhost:4173/:0
[ 1142657ms] [ERROR] Failed to load resource: net::ERR_CONNECTION_REFUSED @ http://localhost:4173/:0
[ 1143660ms] [ERROR] Failed to load resource: net::ERR_CONNECTION_REFUSED @ http://localhost:4173/:0
[ 1144664ms] [ERROR] Failed to load resource: net::ERR_CONNECTION_REFUSED @ http://localhost:4173/:0
[ 1145670ms] [ERROR] Failed to load resource: net::ERR_CONNECTION_REFUSED @ http://localhost:4173/:0
[ 1146674ms] [ERROR] Failed to load resource: net::ERR_CONNECTION_REFUSED @ http://localhost:4173/:0
[ 1147680ms] [ERROR] Failed to load resource: net::ERR_CONNECTION_REFUSED @ http://localhost:4173/:0
[ 1148685ms] [ERROR] Failed to load resource: net::ERR_CONNECTION_REFUSED @ http://localhost:4173/:0
[ 1149688ms] [ERROR] Failed to load resource: net::ERR_CONNECTION_REFUSED @ http://localhost:4173/:0
[ 1150693ms] [ERROR] Failed to load resource: net::ERR_CONNECTION_REFUSED @ http://localhost:4173/:0
[ 1151698ms] [ERROR] Failed to load resource: net::ERR_CONNECTION_REFUSED @ http://localhost:4173/:0
[ 1152701ms] [ERROR] Failed to load resource: net::ERR_CONNECTION_REFUSED @ http://localhost:4173/:0
[ 1153705ms] [ERROR] Failed to load resource: net::ERR_CONNECTION_REFUSED @ http://localhost:4173/:0
[ 1154709ms] [ERROR] Failed to load resource: net::ERR_CONNECTION_REFUSED @ http://localhost:4173/:0
[ 1155713ms] [ERROR] Failed to load resource: net::ERR_CONNECTION_REFUSED @ http://localhost:4173/:0
[ 1156717ms] [ERROR] Failed to load resource: net::ERR_CONNECTION_REFUSED @ http://localhost:4173/:0
[ 1157720ms] [ERROR] Failed to load resource: net::ERR_CONNECTION_REFUSED @ http://localhost:4173/:0
[ 1158725ms] [ERROR] Failed to load resource: net::ERR_CONNECTION_REFUSED @ http://localhost:4173/:0
[ 1159730ms] [ERROR] Failed to load resource: net::ERR_CONNECTION_REFUSED @ http://localhost:4173/:0
[ 1160732ms] [ERROR] Failed to load resource: net::ERR_CONNECTION_REFUSED @ http://localhost:4173/:0
[ 1161735ms] [ERROR] Failed to load resource: net::ERR_CONNECTION_REFUSED @ http://localhost:4173/:0
[ 1162738ms] [ERROR] Failed to load resource: net::ERR_CONNECTION_REFUSED @ http://localhost:4173/:0
[ 1163743ms] [ERROR] Failed to load resource: net::ERR_CONNECTION_REFUSED @ http://localhost:4173/:0
[ 1164748ms] [ERROR] Failed to load resource: net::ERR_CONNECTION_REFUSED @ http://localhost:4173/:0
[ 1165751ms] [ERROR] Failed to load resource: net::ERR_CONNECTION_REFUSED @ http://localhost:4173/:0
[ 1166757ms] [ERROR] Failed to load resource: net::ERR_CONNECTION_REFUSED @ http://localhost:4173/:0
[ 1167760ms] [ERROR] Failed to load resource: net::ERR_CONNECTION_REFUSED @ http://localhost:4173/:0
[ 1168765ms] [ERROR] Failed to load resource: net::ERR_CONNECTION_REFUSED @ http://localhost:4173/:0
[ 1169768ms] [ERROR] Failed to load resource: net::ERR_CONNECTION_REFUSED @ http://localhost:4173/:0
[ 1170772ms] [ERROR] Failed to load resource: net::ERR_CONNECTION_REFUSED @ http://localhost:4173/:0
[ 1171777ms] [ERROR] Failed to load resource: net::ERR_CONNECTION_REFUSED @ http://localhost:4173/:0
[ 1172781ms] [ERROR] Failed to load resource: net::ERR_CONNECTION_REFUSED @ http://localhost:4173/:0
[ 1173784ms] [ERROR] Failed to load resource: net::ERR_CONNECTION_REFUSED @ http://localhost:4173/:0
[ 1174789ms] [ERROR] Failed to load resource: net::ERR_CONNECTION_REFUSED @ http://localhost:4173/:0
[ 1175794ms] [ERROR] Failed to load resource: net::ERR_CONNECTION_REFUSED @ http://localhost:4173/:0
[ 1176797ms] [ERROR] Failed to load resource: net::ERR_CONNECTION_REFUSED @ http://localhost:4173/:0
[ 1177801ms] [ERROR] Failed to load resource: net::ERR_CONNECTION_REFUSED @ http://localhost:4173/:0
[ 1178805ms] [ERROR] Failed to load resource: net::ERR_CONNECTION_REFUSED @ http://localhost:4173/:0
[ 1179809ms] [ERROR] Failed to load resource: net::ERR_CONNECTION_REFUSED @ http://localhost:4173/:0
[ 1180814ms] [ERROR] Failed to load resource: net::ERR_CONNECTION_REFUSED @ http://localhost:4173/:0
[ 1181818ms] [ERROR] Failed to load resource: net::ERR_CONNECTION_REFUSED @ http://localhost:4173/:0
[ 1182823ms] [ERROR] Failed to load resource: net::ERR_CONNECTION_REFUSED @ http://localhost:4173/:0
[ 1183828ms] [ERROR] Failed to load resource: net::ERR_CONNECTION_REFUSED @ http://localhost:4173/:0
[ 1184833ms] [ERROR] Failed to load resource: net::ERR_CONNECTION_REFUSED @ http://localhost:4173/:0
[ 1185838ms] [ERROR] Failed to load resource: net::ERR_CONNECTION_REFUSED @ http://localhost:4173/:0
[ 1186842ms] [ERROR] Failed to load resource: net::ERR_CONNECTION_REFUSED @ http://localhost:4173/:0
[ 1187847ms] [ERROR] Failed to load resource: net::ERR_CONNECTION_REFUSED @ http://localhost:4173/:0
[ 1188851ms] [ERROR] Failed to load resource: net::ERR_CONNECTION_REFUSED @ http://localhost:4173/:0
[ 1189855ms] [ERROR] Failed to load resource: net::ERR_CONNECTION_REFUSED @ http://localhost:4173/:0
[ 1190859ms] [ERROR] Failed to load resource: net::ERR_CONNECTION_REFUSED @ http://localhost:4173/:0
[ 1191863ms] [ERROR] Failed to load resource: net::ERR_CONNECTION_REFUSED @ http://localhost:4173/:0
[ 1192867ms] [ERROR] Failed to load resource: net::ERR_CONNECTION_REFUSED @ http://localhost:4173/:0
[ 1193871ms] [ERROR] Failed to load resource: net::ERR_CONNECTION_REFUSED @ http://localhost:4173/:0
[ 1194875ms] [ERROR] Failed to load resource: net::ERR_CONNECTION_REFUSED @ http://localhost:4173/:0
[ 1195880ms] [ERROR] Failed to load resource: net::ERR_CONNECTION_REFUSED @ http://localhost:4173/:0
[ 1196885ms] [ERROR] Failed to load resource: net::ERR_CONNECTION_REFUSED @ http://localhost:4173/:0
[ 1197889ms] [ERROR] Failed to load resource: net::ERR_CONNECTION_REFUSED @ http://localhost:4173/:0
[ 1198893ms] [ERROR] Failed to load resource: net::ERR_CONNECTION_REFUSED @ http://localhost:4173/:0
[ 1199897ms] [ERROR] Failed to load resource: net::ERR_CONNECTION_REFUSED @ http://localhost:4173/:0
[ 1200901ms] [ERROR] Failed to load resource: net::ERR_CONNECTION_REFUSED @ http://localhost:4173/:0
[ 1201905ms] [ERROR] Failed to load resource: net::ERR_CONNECTION_REFUSED @ http://localhost:4173/:0
[ 1202908ms] [ERROR] Failed to load resource: net::ERR_CONNECTION_REFUSED @ http://localhost:4173/:0
[ 1203912ms] [ERROR] Failed to load resource: net::ERR_CONNECTION_REFUSED @ http://localhost:4173/:0
[ 1204917ms] [ERROR] Failed to load resource: net::ERR_CONNECTION_REFUSED @ http://localhost:4173/:0
[ 1205921ms] [ERROR] Failed to load resource: net::ERR_CONNECTION_REFUSED @ http://localhost:4173/:0
[ 1206926ms] [ERROR] Failed to load resource: net::ERR_CONNECTION_REFUSED @ http://localhost:4173/:0
[ 1207929ms] [ERROR] Failed to load resource: net::ERR_CONNECTION_REFUSED @ http://localhost:4173/:0
[ 1208934ms] [ERROR] Failed to load resource: net::ERR_CONNECTION_REFUSED @ http://localhost:4173/:0
[ 1209937ms] [ERROR] Failed to load resource: net::ERR_CONNECTION_REFUSED @ http://localhost:4173/:0
[ 1210942ms] [ERROR] Failed to load resource: net::ERR_CONNECTION_REFUSED @ http://localhost:4173/:0
[ 1211946ms] [ERROR] Failed to load resource: net::ERR_CONNECTION_REFUSED @ http://localhost:4173/:0
[ 1212951ms] [ERROR] Failed to load resource: net::ERR_CONNECTION_REFUSED @ http://localhost:4173/:0
[ 1213955ms] [ERROR] Failed to load resource: net::ERR_CONNECTION_REFUSED @ http://localhost:4173/:0
[ 1214959ms] [ERROR] Failed to load resource: net::ERR_CONNECTION_REFUSED @ http://localhost:4173/:0
[ 1215964ms] [ERROR] Failed to load resource: net::ERR_CONNECTION_REFUSED @ http://localhost:4173/:0
[ 1216968ms] [ERROR] Failed to load resource: net::ERR_CONNECTION_REFUSED @ http://localhost:4173/:0
[ 1217972ms] [ERROR] Failed to load resource: net::ERR_CONNECTION_REFUSED @ http://localhost:4173/:0
[ 1218976ms] [ERROR] Failed to load resource: net::ERR_CONNECTION_REFUSED @ http://localhost:4173/:0
[ 1219979ms] [ERROR] Failed to load resource: net::ERR_CONNECTION_REFUSED @ http://localhost:4173/:0
[ 1220983ms] [ERROR] Failed to load resource: net::ERR_CONNECTION_REFUSED @ http://localhost:4173/:0
[ 1221985ms] [ERROR] Failed to load resource: net::ERR_CONNECTION_REFUSED @ http://localhost:4173/:0
[ 1222989ms] [ERROR] Failed to load resource: net::ERR_CONNECTION_REFUSED @ http://localhost:4173/:0
[ 1223992ms] [ERROR] Failed to load resource: net::ERR_CONNECTION_REFUSED @ http://localhost:4173/:0
[ 1224995ms] [ERROR] Failed to load resource: net::ERR_CONNECTION_REFUSED @ http://localhost:4173/:0
[ 1225999ms] [ERROR] Failed to load resource: net::ERR_CONNECTION_REFUSED @ http://localhost:4173/:0
[ 1227002ms] [ERROR] Failed to load resource: net::ERR_CONNECTION_REFUSED @ http://localhost:4173/:0
[ 1228005ms] [ERROR] Failed to load resource: net::ERR_CONNECTION_REFUSED @ http://localhost:4173/:0
[ 1229008ms] [ERROR] Failed to load resource: net::ERR_CONNECTION_REFUSED @ http://localhost:4173/:0
[ 1230011ms] [ERROR] Failed to load resource: net::ERR_CONNECTION_REFUSED @ http://localhost:4173/:0
[ 1231014ms] [ERROR] Failed to load resource: net::ERR_CONNECTION_REFUSED @ http://localhost:4173/:0
[ 1232018ms] [ERROR] Failed to load resource: net::ERR_CONNECTION_REFUSED @ http://localhost:4173/:0
[ 1233021ms] [ERROR] Failed to load resource: net::ERR_CONNECTION_REFUSED @ http://localhost:4173/:0
[ 1234024ms] [ERROR] Failed to load resource: net::ERR_CONNECTION_REFUSED @ http://localhost:4173/:0
[ 1235027ms] [ERROR] Failed to load resource: net::ERR_CONNECTION_REFUSED @ http://localhost:4173/:0
[ 1236030ms] [ERROR] Failed to load resource: net::ERR_CONNECTION_REFUSED @ http://localhost:4173/:0
[ 1237033ms] [ERROR] Failed to load resource: net::ERR_CONNECTION_REFUSED @ http://localhost:4173/:0
[ 1238037ms] [ERROR] Failed to load resource: net::ERR_CONNECTION_REFUSED @ http://localhost:4173/:0
[ 1239043ms] [ERROR] Failed to load resource: net::ERR_CONNECTION_REFUSED @ http://localhost:4173/:0
[ 1240048ms] [ERROR] Failed to load resource: net::ERR_CONNECTION_REFUSED @ http://localhost:4173/:0
[ 1241050ms] [ERROR] Failed to load resource: net::ERR_CONNECTION_REFUSED @ http://localhost:4173/:0
[ 1242054ms] [ERROR] Failed to load resource: net::ERR_CONNECTION_REFUSED @ http://localhost:4173/:0
[ 1243057ms] [ERROR] Failed to load resource: net::ERR_CONNECTION_REFUSED @ http://localhost:4173/:0
[ 1244061ms] [ERROR] Failed to load resource: net::ERR_CONNECTION_REFUSED @ http://localhost:4173/:0
[ 1245065ms] [ERROR] Failed to load resource: net::ERR_CONNECTION_REFUSED @ http://localhost:4173/:0
[ 1246069ms] [ERROR] Failed to load resource: net::ERR_CONNECTION_REFUSED @ http://localhost:4173/:0
[ 1247074ms] [ERROR] Failed to load resource: net::ERR_CONNECTION_REFUSED @ http://localhost:4173/:0
[ 1248078ms] [ERROR] Failed to load resource: net::ERR_CONNECTION_REFUSED @ http://localhost:4173/:0
[ 1249083ms] [ERROR] Failed to load resource: net::ERR_CONNECTION_REFUSED @ http://localhost:4173/:0
[ 1250086ms] [ERROR] Failed to load resource: net::ERR_CONNECTION_REFUSED @ http://localhost:4173/:0
[ 1251090ms] [ERROR] Failed to load resource: net::ERR_CONNECTION_REFUSED @ http://localhost:4173/:0
[ 1252094ms] [ERROR] Failed to load resource: net::ERR_CONNECTION_REFUSED @ http://localhost:4173/:0
[ 1253098ms] [ERROR] Failed to load resource: net::ERR_CONNECTION_REFUSED @ http://localhost:4173/:0
[ 1254103ms] [ERROR] Failed to load resource: net::ERR_CONNECTION_REFUSED @ http://localhost:4173/:0
[ 1255106ms] [ERROR] Failed to load resource: net::ERR_CONNECTION_REFUSED @ http://localhost:4173/:0
[ 1256111ms] [ERROR] Failed to load resource: net::ERR_CONNECTION_REFUSED @ http://localhost:4173/:0
[ 1257113ms] [ERROR] Failed to load resource: net::ERR_CONNECTION_REFUSED @ http://localhost:4173/:0
[ 1258117ms] [ERROR] Failed to load resource: net::ERR_CONNECTION_REFUSED @ http://localhost:4173/:0
[ 1259120ms] [ERROR] Failed to load resource: net::ERR_CONNECTION_REFUSED @ http://localhost:4173/:0
[ 1260124ms] [ERROR] Failed to load resource: net::ERR_CONNECTION_REFUSED @ http://localhost:4173/:0
[ 1261129ms] [ERROR] Failed to load resource: net::ERR_CONNECTION_REFUSED @ http://localhost:4173/:0
[ 1262133ms] [ERROR] Failed to load resource: net::ERR_CONNECTION_REFUSED @ http://localhost:4173/:0
[ 1263138ms] [ERROR] Failed to load resource: net::ERR_CONNECTION_REFUSED @ http://localhost:4173/:0
[ 1264141ms] [ERROR] Failed to load resource: net::ERR_CONNECTION_REFUSED @ http://localhost:4173/:0
[ 1265146ms] [ERROR] Failed to load resource: net::ERR_CONNECTION_REFUSED @ http://localhost:4173/:0
[ 1266150ms] [ERROR] Failed to load resource: net::ERR_CONNECTION_REFUSED @ http://localhost:4173/:0
[ 1267155ms] [ERROR] Failed to load resource: net::ERR_CONNECTION_REFUSED @ http://localhost:4173/:0
[ 1268159ms] [ERROR] Failed to load resource: net::ERR_CONNECTION_REFUSED @ http://localhost:4173/:0
[ 1269166ms] [ERROR] Failed to load resource: net::ERR_CONNECTION_REFUSED @ http://localhost:4173/:0
[ 1270169ms] [ERROR] Failed to load resource: net::ERR_CONNECTION_REFUSED @ http://localhost:4173/:0
[ 1271174ms] [ERROR] Failed to load resource: net::ERR_CONNECTION_REFUSED @ http://localhost:4173/:0
[ 1272179ms] [ERROR] Failed to load resource: net::ERR_CONNECTION_REFUSED @ http://localhost:4173/:0
[ 1273182ms] [ERROR] Failed to load resource: net::ERR_CONNECTION_REFUSED @ http://localhost:4173/:0
[ 1274185ms] [ERROR] Failed to load resource: net::ERR_CONNECTION_REFUSED @ http://localhost:4173/:0
[ 1275189ms] [ERROR] Failed to load resource: net::ERR_CONNECTION_REFUSED @ http://localhost:4173/:0
[ 1276195ms] [ERROR] Failed to load resource: net::ERR_CONNECTION_REFUSED @ http://localhost:4173/:0
[ 1277199ms] [ERROR] Failed to load resource: net::ERR_CONNECTION_REFUSED @ http://localhost:4173/:0
[ 1278205ms] [ERROR] Failed to load resource: net::ERR_CONNECTION_REFUSED @ http://localhost:4173/:0
[ 1279208ms] [ERROR] Failed to load resource: net::ERR_CONNECTION_REFUSED @ http://localhost:4173/:0
[ 1280211ms] [ERROR] Failed to load resource: net::ERR_CONNECTION_REFUSED @ http://localhost:4173/:0
[ 1281216ms] [ERROR] Failed to load resource: net::ERR_CONNECTION_REFUSED @ http://localhost:4173/:0
[ 1282219ms] [ERROR] Failed to load resource: net::ERR_CONNECTION_REFUSED @ http://localhost:4173/:0
[ 1283224ms] [ERROR] Failed to load resource: net::ERR_CONNECTION_REFUSED @ http://localhost:4173/:0
[ 1284229ms] [ERROR] Failed to load resource: net::ERR_CONNECTION_REFUSED @ http://localhost:4173/:0
[ 1285234ms] [ERROR] Failed to load resource: net::ERR_CONNECTION_REFUSED @ http://localhost:4173/:0
[ 1286237ms] [ERROR] Failed to load resource: net::ERR_CONNECTION_REFUSED @ http://localhost:4173/:0
[ 1287240ms] [ERROR] Failed to load resource: net::ERR_CONNECTION_REFUSED @ http://localhost:4173/:0
[ 1288243ms] [ERROR] Failed to load resource: net::ERR_CONNECTION_REFUSED @ http://localhost:4173/:0
[ 1289245ms] [ERROR] Failed to load resource: net::ERR_CONNECTION_REFUSED @ http://localhost:4173/:0
[ 1290248ms] [ERROR] Failed to load resource: net::ERR_CONNECTION_REFUSED @ http://localhost:4173/:0
[ 1291254ms] [ERROR] Failed to load resource: net::ERR_CONNECTION_REFUSED @ http://localhost:4173/:0
[ 1292257ms] [ERROR] Failed to load resource: net::ERR_CONNECTION_REFUSED @ http://localhost:4173/:0
[ 1293260ms] [ERROR] Failed to load resource: net::ERR_CONNECTION_REFUSED @ http://localhost:4173/:0
[ 1294264ms] [ERROR] Failed to load resource: net::ERR_CONNECTION_REFUSED @ http://localhost:4173/:0
[ 1295267ms] [ERROR] Failed to load resource: net::ERR_CONNECTION_REFUSED @ http://localhost:4173/:0
[ 1296270ms] [ERROR] Failed to load resource: net::ERR_CONNECTION_REFUSED @ http://localhost:4173/:0
[ 1297272ms] [ERROR] Failed to load resource: net::ERR_CONNECTION_REFUSED @ http://localhost:4173/:0
[ 1298276ms] [ERROR] Failed to load resource: net::ERR_CONNECTION_REFUSED @ http://localhost:4173/:0
[ 1299282ms] [ERROR] Failed to load resource: net::ERR_CONNECTION_REFUSED @ http://localhost:4173/:0
[ 1300285ms] [ERROR] Failed to load resource: net::ERR_CONNECTION_REFUSED @ http://localhost:4173/:0
[ 1301289ms] [ERROR] Failed to load resource: net::ERR_CONNECTION_REFUSED @ http://localhost:4173/:0
[ 1302292ms] [ERROR] Failed to load resource: net::ERR_CONNECTION_REFUSED @ http://localhost:4173/:0
[ 1303296ms] [ERROR] Failed to load resource: net::ERR_CONNECTION_REFUSED @ http://localhost:4173/:0
[ 1304300ms] [ERROR] Failed to load resource: net::ERR_CONNECTION_REFUSED @ http://localhost:4173/:0
[ 1305305ms] [ERROR] Failed to load resource: net::ERR_CONNECTION_REFUSED @ http://localhost:4173/:0
[ 1306308ms] [ERROR] Failed to load resource: net::ERR_CONNECTION_REFUSED @ http://localhost:4173/:0
[ 1307313ms] [ERROR] Failed to load resource: net::ERR_CONNECTION_REFUSED @ http://localhost:4173/:0
[ 1308315ms] [ERROR] Failed to load resource: net::ERR_CONNECTION_REFUSED @ http://localhost:4173/:0
[ 1309318ms] [ERROR] Failed to load resource: net::ERR_CONNECTION_REFUSED @ http://localhost:4173/:0
[ 1310321ms] [ERROR] Failed to load resource: net::ERR_CONNECTION_REFUSED @ http://localhost:4173/:0
[ 1311324ms] [ERROR] Failed to load resource: net::ERR_CONNECTION_REFUSED @ http://localhost:4173/:0
[ 1312328ms] [ERROR] Failed to load resource: net::ERR_CONNECTION_REFUSED @ http://localhost:4173/:0
[ 1313336ms] [ERROR] Failed to load resource: net::ERR_CONNECTION_REFUSED @ http://localhost:4173/:0
[ 1314341ms] [ERROR] Failed to load resource: net::ERR_CONNECTION_REFUSED @ http://localhost:4173/:0
[ 1315345ms] [ERROR] Failed to load resource: net::ERR_CONNECTION_REFUSED @ http://localhost:4173/:0
[ 1316349ms] [ERROR] Failed to load resource: net::ERR_CONNECTION_REFUSED @ http://localhost:4173/:0
[ 1317352ms] [ERROR] Failed to load resource: net::ERR_CONNECTION_REFUSED @ http://localhost:4173/:0
[ 1318356ms] [ERROR] Failed to load resource: net::ERR_CONNECTION_REFUSED @ http://localhost:4173/:0
[ 1319361ms] [ERROR] Failed to load resource: net::ERR_CONNECTION_REFUSED @ http://localhost:4173/:0
[ 1320365ms] [ERROR] Failed to load resource: net::ERR_CONNECTION_REFUSED @ http://localhost:4173/:0
[ 1321370ms] [ERROR] Failed to load resource: net::ERR_CONNECTION_REFUSED @ http://localhost:4173/:0
[ 1322374ms] [ERROR] Failed to load resource: net::ERR_CONNECTION_REFUSED @ http://localhost:4173/:0
[ 1323378ms] [ERROR] Failed to load resource: net::ERR_CONNECTION_REFUSED @ http://localhost:4173/:0
[ 1324382ms] [ERROR] Failed to load resource: net::ERR_CONNECTION_REFUSED @ http://localhost:4173/:0
[ 1325387ms] [ERROR] Failed to load resource: net::ERR_CONNECTION_REFUSED @ http://localhost:4173/:0
[ 1326392ms] [ERROR] Failed to load resource: net::ERR_CONNECTION_REFUSED @ http://localhost:4173/:0
[ 1327397ms] [ERROR] Failed to load resource: net::ERR_CONNECTION_REFUSED @ http://localhost:4173/:0
[ 1328401ms] [ERROR] Failed to load resource: net::ERR_CONNECTION_REFUSED @ http://localhost:4173/:0
[ 1329406ms] [ERROR] Failed to load resource: net::ERR_CONNECTION_REFUSED @ http://localhost:4173/:0
[ 1330410ms] [ERROR] Failed to load resource: net::ERR_CONNECTION_REFUSED @ http://localhost:4173/:0
[ 1331415ms] [ERROR] Failed to load resource: net::ERR_CONNECTION_REFUSED @ http://localhost:4173/:0
[ 1332419ms] [ERROR] Failed to load resource: net::ERR_CONNECTION_REFUSED @ http://localhost:4173/:0
[ 1333425ms] [ERROR] Failed to load resource: net::ERR_CONNECTION_REFUSED @ http://localhost:4173/:0
[ 1334429ms] [ERROR] Failed to load resource: net::ERR_CONNECTION_REFUSED @ http://localhost:4173/:0
[ 1335433ms] [ERROR] Failed to load resource: net::ERR_CONNECTION_REFUSED @ http://localhost:4173/:0
[ 1336437ms] [ERROR] Failed to load resource: net::ERR_CONNECTION_REFUSED @ http://localhost:4173/:0
[ 1337458ms] [ERROR] Failed to load resource: net::ERR_CONNECTION_REFUSED @ http://localhost:4173/:0
[ 1338461ms] [ERROR] Failed to load resource: net::ERR_CONNECTION_REFUSED @ http://localhost:4173/:0
[ 1339465ms] [ERROR] Failed to load resource: net::ERR_CONNECTION_REFUSED @ http://localhost:4173/:0
[ 1340470ms] [ERROR] Failed to load resource: net::ERR_CONNECTION_REFUSED @ http://localhost:4173/:0
[ 1341474ms] [ERROR] Failed to load resource: net::ERR_CONNECTION_REFUSED @ http://localhost:4173/:0
[ 1342479ms] [ERROR] Failed to load resource: net::ERR_CONNECTION_REFUSED @ http://localhost:4173/:0
[ 1343482ms] [ERROR] Failed to load resource: net::ERR_CONNECTION_REFUSED @ http://localhost:4173/:0
[ 1344486ms] [ERROR] Failed to load resource: net::ERR_CONNECTION_REFUSED @ http://localhost:4173/:0
[ 1345490ms] [ERROR] Failed to load resource: net::ERR_CONNECTION_REFUSED @ http://localhost:4173/:0
[ 1346494ms] [ERROR] Failed to load resource: net::ERR_CONNECTION_REFUSED @ http://localhost:4173/:0
[ 1347499ms] [ERROR] Failed to load resource: net::ERR_CONNECTION_REFUSED @ http://localhost:4173/:0
[ 1348503ms] [ERROR] Failed to load resource: net::ERR_CONNECTION_REFUSED @ http://localhost:4173/:0
[ 1349507ms] [ERROR] Failed to load resource: net::ERR_CONNECTION_REFUSED @ http://localhost:4173/:0
[ 1350512ms] [ERROR] Failed to load resource: net::ERR_CONNECTION_REFUSED @ http://localhost:4173/:0
[ 1351515ms] [ERROR] Failed to load resource: net::ERR_CONNECTION_REFUSED @ http://localhost:4173/:0
[ 1352520ms] [ERROR] Failed to load resource: net::ERR_CONNECTION_REFUSED @ http://localhost:4173/:0
[ 1353524ms] [ERROR] Failed to load resource: net::ERR_CONNECTION_REFUSED @ http://localhost:4173/:0
[ 1354527ms] [ERROR] Failed to load resource: net::ERR_CONNECTION_REFUSED @ http://localhost:4173/:0
[ 1355531ms] [ERROR] Failed to load resource: net::ERR_CONNECTION_REFUSED @ http://localhost:4173/:0
[ 1356535ms] [ERROR] Failed to load resource: net::ERR_CONNECTION_REFUSED @ http://localhost:4173/:0
[ 1357539ms] [ERROR] Failed to load resource: net::ERR_CONNECTION_REFUSED @ http://localhost:4173/:0
[ 1358542ms] [ERROR] Failed to load resource: net::ERR_CONNECTION_REFUSED @ http://localhost:4173/:0
[ 1359546ms] [ERROR] Failed to load resource: net::ERR_CONNECTION_REFUSED @ http://localhost:4173/:0
[ 1360550ms] [ERROR] Failed to load resource: net::ERR_CONNECTION_REFUSED @ http://localhost:4173/:0
[ 1361555ms] [ERROR] Failed to load resource: net::ERR_CONNECTION_REFUSED @ http://localhost:4173/:0
[ 1362559ms] [ERROR] Failed to load resource: net::ERR_CONNECTION_REFUSED @ http://localhost:4173/:0
[ 1363563ms] [ERROR] Failed to load resource: net::ERR_CONNECTION_REFUSED @ http://localhost:4173/:0
[ 1364568ms] [ERROR] Failed to load resource: net::ERR_CONNECTION_REFUSED @ http://localhost:4173/:0
[ 1365572ms] [ERROR] Failed to load resource: net::ERR_CONNECTION_REFUSED @ http://localhost:4173/:0
[ 1366576ms] [ERROR] Failed to load resource: net::ERR_CONNECTION_REFUSED @ http://localhost:4173/:0
[ 1367580ms] [ERROR] Failed to load resource: net::ERR_CONNECTION_REFUSED @ http://localhost:4173/:0
[ 1368585ms] [ERROR] Failed to load resource: net::ERR_CONNECTION_REFUSED @ http://localhost:4173/:0
[ 1369590ms] [ERROR] Failed to load resource: net::ERR_CONNECTION_REFUSED @ http://localhost:4173/:0
[ 1370594ms] [ERROR] Failed to load resource: net::ERR_CONNECTION_REFUSED @ http://localhost:4173/:0
[ 1371597ms] [ERROR] Failed to load resource: net::ERR_CONNECTION_REFUSED @ http://localhost:4173/:0
[ 1372601ms] [ERROR] Failed to load resource: net::ERR_CONNECTION_REFUSED @ http://localhost:4173/:0
[ 1373604ms] [ERROR] Failed to load resource: net::ERR_CONNECTION_REFUSED @ http://localhost:4173/:0
[ 1374608ms] [ERROR] Failed to load resource: net::ERR_CONNECTION_REFUSED @ http://localhost:4173/:0
[ 1375612ms] [ERROR] Failed to load resource: net::ERR_CONNECTION_REFUSED @ http://localhost:4173/:0
[ 1376615ms] [ERROR] Failed to load resource: net::ERR_CONNECTION_REFUSED @ http://localhost:4173/:0
[ 1377619ms] [ERROR] Failed to load resource: net::ERR_CONNECTION_REFUSED @ http://localhost:4173/:0
[ 1378622ms] [ERROR] Failed to load resource: net::ERR_CONNECTION_REFUSED @ http://localhost:4173/:0
[ 1379625ms] [ERROR] Failed to load resource: net::ERR_CONNECTION_REFUSED @ http://localhost:4173/:0
[ 1380629ms] [ERROR] Failed to load resource: net::ERR_CONNECTION_REFUSED @ http://localhost:4173/:0
[ 1381634ms] [ERROR] Failed to load resource: net::ERR_CONNECTION_REFUSED @ http://localhost:4173/:0
[ 1382638ms] [ERROR] Failed to load resource: net::ERR_CONNECTION_REFUSED @ http://localhost:4173/:0
[ 1383643ms] [ERROR] Failed to load resource: net::ERR_CONNECTION_REFUSED @ http://localhost:4173/:0
[ 1384647ms] [ERROR] Failed to load resource: net::ERR_CONNECTION_REFUSED @ http://localhost:4173/:0
[ 1385652ms] [ERROR] Failed to load resource: net::ERR_CONNECTION_REFUSED @ http://localhost:4173/:0
[ 1386657ms] [ERROR] Failed to load resource: net::ERR_CONNECTION_REFUSED @ http://localhost:4173/:0
[ 1387660ms] [ERROR] Failed to load resource: net::ERR_CONNECTION_REFUSED @ http://localhost:4173/:0
[ 1388664ms] [ERROR] Failed to load resource: net::ERR_CONNECTION_REFUSED @ http://localhost:4173/:0
[ 1389668ms] [ERROR] Failed to load resource: net::ERR_CONNECTION_REFUSED @ http://localhost:4173/:0
[ 1390671ms] [ERROR] Failed to load resource: net::ERR_CONNECTION_REFUSED @ http://localhost:4173/:0
[ 1391675ms] [ERROR] Failed to load resource: net::ERR_CONNECTION_REFUSED @ http://localhost:4173/:0
[ 1392678ms] [ERROR] Failed to load resource: net::ERR_CONNECTION_REFUSED @ http://localhost:4173/:0
[ 1393681ms] [ERROR] Failed to load resource: net::ERR_CONNECTION_REFUSED @ http://localhost:4173/:0
[ 1394685ms] [ERROR] Failed to load resource: net::ERR_CONNECTION_REFUSED @ http://localhost:4173/:0
[ 1395689ms] [ERROR] Failed to load resource: net::ERR_CONNECTION_REFUSED @ http://localhost:4173/:0
[ 1396692ms] [ERROR] Failed to load resource: net::ERR_CONNECTION_REFUSED @ http://localhost:4173/:0
[ 1397695ms] [ERROR] Failed to load resource: net::ERR_CONNECTION_REFUSED @ http://localhost:4173/:0
[ 1398699ms] [ERROR] Failed to load resource: net::ERR_CONNECTION_REFUSED @ http://localhost:4173/:0
[ 1399703ms] [ERROR] Failed to load resource: net::ERR_CONNECTION_REFUSED @ http://localhost:4173/:0
[ 1400706ms] [ERROR] Failed to load resource: net::ERR_CONNECTION_REFUSED @ http://localhost:4173/:0
[ 1401709ms] [ERROR] Failed to load resource: net::ERR_CONNECTION_REFUSED @ http://localhost:4173/:0
[ 1402712ms] [ERROR] Failed to load resource: net::ERR_CONNECTION_REFUSED @ http://localhost:4173/:0
[ 1403717ms] [ERROR] Failed to load resource: net::ERR_CONNECTION_REFUSED @ http://localhost:4173/:0
[ 1404722ms] [ERROR] Failed to load resource: net::ERR_CONNECTION_REFUSED @ http://localhost:4173/:0
[ 1405726ms] [ERROR] Failed to load resource: net::ERR_CONNECTION_REFUSED @ http://localhost:4173/:0
[ 1406729ms] [ERROR] Failed to load resource: net::ERR_CONNECTION_REFUSED @ http://localhost:4173/:0
[ 1407732ms] [ERROR] Failed to load resource: net::ERR_CONNECTION_REFUSED @ http://localhost:4173/:0
[ 1408736ms] [ERROR] Failed to load resource: net::ERR_CONNECTION_REFUSED @ http://localhost:4173/:0
[ 1409739ms] [ERROR] Failed to load resource: net::ERR_CONNECTION_REFUSED @ http://localhost:4173/:0
[ 1410744ms] [ERROR] Failed to load resource: net::ERR_CONNECTION_REFUSED @ http://localhost:4173/:0
[ 1411748ms] [ERROR] Failed to load resource: net::ERR_CONNECTION_REFUSED @ http://localhost:4173/:0
[ 1412752ms] [ERROR] Failed to load resource: net::ERR_CONNECTION_REFUSED @ http://localhost:4173/:0
[ 1413756ms] [ERROR] Failed to load resource: net::ERR_CONNECTION_REFUSED @ http://localhost:4173/:0
[ 1414760ms] [ERROR] Failed to load resource: net::ERR_CONNECTION_REFUSED @ http://localhost:4173/:0
[ 1415764ms] [ERROR] Failed to load resource: net::ERR_CONNECTION_REFUSED @ http://localhost:4173/:0
[ 1416768ms] [ERROR] Failed to load resource: net::ERR_CONNECTION_REFUSED @ http://localhost:4173/:0
[ 1417770ms] [ERROR] Failed to load resource: net::ERR_CONNECTION_REFUSED @ http://localhost:4173/:0
[ 1418775ms] [ERROR] Failed to load resource: net::ERR_CONNECTION_REFUSED @ http://localhost:4173/:0
[ 1419778ms] [ERROR] Failed to load resource: net::ERR_CONNECTION_REFUSED @ http://localhost:4173/:0
[ 1420781ms] [ERROR] Failed to load resource: net::ERR_CONNECTION_REFUSED @ http://localhost:4173/:0
[ 1421786ms] [ERROR] Failed to load resource: net::ERR_CONNECTION_REFUSED @ http://localhost:4173/:0
[ 1422789ms] [ERROR] Failed to load resource: net::ERR_CONNECTION_REFUSED @ http://localhost:4173/:0
[ 1423793ms] [ERROR] Failed to load resource: net::ERR_CONNECTION_REFUSED @ http://localhost:4173/:0
[ 1424797ms] [ERROR] Failed to load resource: net::ERR_CONNECTION_REFUSED @ http://localhost:4173/:0
[ 1425800ms] [ERROR] Failed to load resource: net::ERR_CONNECTION_REFUSED @ http://localhost:4173/:0
[ 1426805ms] [ERROR] Failed to load resource: net::ERR_CONNECTION_REFUSED @ http://localhost:4173/:0
[ 1427807ms] [ERROR] Failed to load resource: net::ERR_CONNECTION_REFUSED @ http://localhost:4173/:0
[ 1428811ms] [ERROR] Failed to load resource: net::ERR_CONNECTION_REFUSED @ http://localhost:4173/:0
[ 1429813ms] [ERROR] Failed to load resource: net::ERR_CONNECTION_REFUSED @ http://localhost:4173/:0
[ 1430816ms] [ERROR] Failed to load resource: net::ERR_CONNECTION_REFUSED @ http://localhost:4173/:0
[ 1431819ms] [ERROR] Failed to load resource: net::ERR_CONNECTION_REFUSED @ http://localhost:4173/:0
[ 1432822ms] [ERROR] Failed to load resource: net::ERR_CONNECTION_REFUSED @ http://localhost:4173/:0
[ 1433825ms] [ERROR] Failed to load resource: net::ERR_CONNECTION_REFUSED @ http://localhost:4173/:0
[ 1434829ms] [ERROR] Failed to load resource: net::ERR_CONNECTION_REFUSED @ http://localhost:4173/:0
[ 1435832ms] [ERROR] Failed to load resource: net::ERR_CONNECTION_REFUSED @ http://localhost:4173/:0
[ 1436835ms] [ERROR] Failed to load resource: net::ERR_CONNECTION_REFUSED @ http://localhost:4173/:0
[ 1437838ms] [ERROR] Failed to load resource: net::ERR_CONNECTION_REFUSED @ http://localhost:4173/:0
[ 1438842ms] [ERROR] Failed to load resource: net::ERR_CONNECTION_REFUSED @ http://localhost:4173/:0
[ 1439845ms] [ERROR] Failed to load resource: net::ERR_CONNECTION_REFUSED @ http://localhost:4173/:0
[ 1440849ms] [ERROR] Failed to load resource: net::ERR_CONNECTION_REFUSED @ http://localhost:4173/:0
[ 1441852ms] [ERROR] Failed to load resource: net::ERR_CONNECTION_REFUSED @ http://localhost:4173/:0
[ 1442856ms] [ERROR] Failed to load resource: net::ERR_CONNECTION_REFUSED @ http://localhost:4173/:0
[ 1443860ms] [ERROR] Failed to load resource: net::ERR_CONNECTION_REFUSED @ http://localhost:4173/:0
[ 1444863ms] [ERROR] Failed to load resource: net::ERR_CONNECTION_REFUSED @ http://localhost:4173/:0
[ 1445868ms] [ERROR] Failed to load resource: net::ERR_CONNECTION_REFUSED @ http://localhost:4173/:0
[ 1446871ms] [ERROR] Failed to load resource: net::ERR_CONNECTION_REFUSED @ http://localhost:4173/:0
[ 1447875ms] [ERROR] Failed to load resource: net::ERR_CONNECTION_REFUSED @ http://localhost:4173/:0
[ 1448878ms] [ERROR] Failed to load resource: net::ERR_CONNECTION_REFUSED @ http://localhost:4173/:0
[ 1449881ms] [ERROR] Failed to load resource: net::ERR_CONNECTION_REFUSED @ http://localhost:4173/:0
[ 1450885ms] [ERROR] Failed to load resource: net::ERR_CONNECTION_REFUSED @ http://localhost:4173/:0
[ 1451889ms] [ERROR] Failed to load resource: net::ERR_CONNECTION_REFUSED @ http://localhost:4173/:0
[ 1452892ms] [ERROR] Failed to load resource: net::ERR_CONNECTION_REFUSED @ http://localhost:4173/:0
[ 1453894ms] [ERROR] Failed to load resource: net::ERR_CONNECTION_REFUSED @ http://localhost:4173/:0
[ 1454898ms] [ERROR] Failed to load resource: net::ERR_CONNECTION_REFUSED @ http://localhost:4173/:0
[ 1455902ms] [ERROR] Failed to load resource: net::ERR_CONNECTION_REFUSED @ http://localhost:4173/:0
[ 1456906ms] [ERROR] Failed to load resource: net::ERR_CONNECTION_REFUSED @ http://localhost:4173/:0
[ 1457909ms] [ERROR] Failed to load resource: net::ERR_CONNECTION_REFUSED @ http://localhost:4173/:0
[ 1458914ms] [ERROR] Failed to load resource: net::ERR_CONNECTION_REFUSED @ http://localhost:4173/:0
[ 1459917ms] [ERROR] Failed to load resource: net::ERR_CONNECTION_REFUSED @ http://localhost:4173/:0
[ 1460920ms] [ERROR] Failed to load resource: net::ERR_CONNECTION_REFUSED @ http://localhost:4173/:0
[ 1461923ms] [ERROR] Failed to load resource: net::ERR_CONNECTION_REFUSED @ http://localhost:4173/:0
[ 1462928ms] [ERROR] Failed to load resource: net::ERR_CONNECTION_REFUSED @ http://localhost:4173/:0
[ 1463930ms] [ERROR] Failed to load resource: net::ERR_CONNECTION_REFUSED @ http://localhost:4173/:0
[ 1464935ms] [ERROR] Failed to load resource: net::ERR_CONNECTION_REFUSED @ http://localhost:4173/:0
[ 1465938ms] [ERROR] Failed to load resource: net::ERR_CONNECTION_REFUSED @ http://localhost:4173/:0
[ 1466941ms] [ERROR] Failed to load resource: net::ERR_CONNECTION_REFUSED @ http://localhost:4173/:0
[ 1467944ms] [ERROR] Failed to load resource: net::ERR_CONNECTION_REFUSED @ http://localhost:4173/:0
[ 1468947ms] [ERROR] Failed to load resource: net::ERR_CONNECTION_REFUSED @ http://localhost:4173/:0
[ 1469951ms] [ERROR] Failed to load resource: net::ERR_CONNECTION_REFUSED @ http://localhost:4173/:0
[ 1470954ms] [ERROR] Failed to load resource: net::ERR_CONNECTION_REFUSED @ http://localhost:4173/:0
[ 1471958ms] [ERROR] Failed to load resource: net::ERR_CONNECTION_REFUSED @ http://localhost:4173/:0
[ 1472961ms] [ERROR] Failed to load resource: net::ERR_CONNECTION_REFUSED @ http://localhost:4173/:0
[ 1473964ms] [ERROR] Failed to load resource: net::ERR_CONNECTION_REFUSED @ http://localhost:4173/:0
[ 1474966ms] [ERROR] Failed to load resource: net::ERR_CONNECTION_REFUSED @ http://localhost:4173/:0
[ 1475970ms] [ERROR] Failed to load resource: net::ERR_CONNECTION_REFUSED @ http://localhost:4173/:0
[ 1476973ms] [ERROR] Failed to load resource: net::ERR_CONNECTION_REFUSED @ http://localhost:4173/:0
[ 1477976ms] [ERROR] Failed to load resource: net::ERR_CONNECTION_REFUSED @ http://localhost:4173/:0
[ 1478981ms] [ERROR] Failed to load resource: net::ERR_CONNECTION_REFUSED @ http://localhost:4173/:0
[ 1479985ms] [ERROR] Failed to load resource: net::ERR_CONNECTION_REFUSED @ http://localhost:4173/:0
[ 1480988ms] [ERROR] Failed to load resource: net::ERR_CONNECTION_REFUSED @ http://localhost:4173/:0
[ 1481993ms] [ERROR] Failed to load resource: net::ERR_CONNECTION_REFUSED @ http://localhost:4173/:0
[ 1482997ms] [ERROR] Failed to load resource: net::ERR_CONNECTION_REFUSED @ http://localhost:4173/:0
[ 1484001ms] [ERROR] Failed to load resource: net::ERR_CONNECTION_REFUSED @ http://localhost:4173/:0
[ 1485005ms] [ERROR] Failed to load resource: net::ERR_CONNECTION_REFUSED @ http://localhost:4173/:0
[ 1486009ms] [ERROR] Failed to load resource: net::ERR_CONNECTION_REFUSED @ http://localhost:4173/:0
[ 1487014ms] [ERROR] Failed to load resource: net::ERR_CONNECTION_REFUSED @ http://localhost:4173/:0
[ 1488018ms] [ERROR] Failed to load resource: net::ERR_CONNECTION_REFUSED @ http://localhost:4173/:0
[ 1489023ms] [ERROR] Failed to load resource: net::ERR_CONNECTION_REFUSED @ http://localhost:4173/:0
[ 1490027ms] [ERROR] Failed to load resource: net::ERR_CONNECTION_REFUSED @ http://localhost:4173/:0
[ 1491032ms] [ERROR] Failed to load resource: net::ERR_CONNECTION_REFUSED @ http://localhost:4173/:0
[ 1492037ms] [ERROR] Failed to load resource: net::ERR_CONNECTION_REFUSED @ http://localhost:4173/:0
[ 1493041ms] [ERROR] Failed to load resource: net::ERR_CONNECTION_REFUSED @ http://localhost:4173/:0
[ 1494046ms] [ERROR] Failed to load resource: net::ERR_CONNECTION_REFUSED @ http://localhost:4173/:0
[ 1495050ms] [ERROR] Failed to load resource: net::ERR_CONNECTION_REFUSED @ http://localhost:4173/:0
[ 1496055ms] [ERROR] Failed to load resource: net::ERR_CONNECTION_REFUSED @ http://localhost:4173/:0
[ 1497060ms] [ERROR] Failed to load resource: net::ERR_CONNECTION_REFUSED @ http://localhost:4173/:0
[ 1498064ms] [ERROR] Failed to load resource: net::ERR_CONNECTION_REFUSED @ http://localhost:4173/:0
[ 1499068ms] [ERROR] Failed to load resource: net::ERR_CONNECTION_REFUSED @ http://localhost:4173/:0
[ 1500072ms] [ERROR] Failed to load resource: net::ERR_CONNECTION_REFUSED @ http://localhost:4173/:0
[ 1501077ms] [ERROR] Failed to load resource: net::ERR_CONNECTION_REFUSED @ http://localhost:4173/:0
[ 1502081ms] [ERROR] Failed to load resource: net::ERR_CONNECTION_REFUSED @ http://localhost:4173/:0
[ 1503086ms] [ERROR] Failed to load resource: net::ERR_CONNECTION_REFUSED @ http://localhost:4173/:0
[ 1504090ms] [ERROR] Failed to load resource: net::ERR_CONNECTION_REFUSED @ http://localhost:4173/:0
[ 1505093ms] [ERROR] Failed to load resource: net::ERR_CONNECTION_REFUSED @ http://localhost:4173/:0
[ 1506098ms] [ERROR] Failed to load resource: net::ERR_CONNECTION_REFUSED @ http://localhost:4173/:0
[ 1507102ms] [ERROR] Failed to load resource: net::ERR_CONNECTION_REFUSED @ http://localhost:4173/:0
[ 1508107ms] [ERROR] Failed to load resource: net::ERR_CONNECTION_REFUSED @ http://localhost:4173/:0
[ 1509111ms] [ERROR] Failed to load resource: net::ERR_CONNECTION_REFUSED @ http://localhost:4173/:0
[ 1510115ms] [ERROR] Failed to load resource: net::ERR_CONNECTION_REFUSED @ http://localhost:4173/:0
[ 1511120ms] [ERROR] Failed to load resource: net::ERR_CONNECTION_REFUSED @ http://localhost:4173/:0
[ 1512124ms] [ERROR] Failed to load resource: net::ERR_CONNECTION_REFUSED @ http://localhost:4173/:0
[ 1513128ms] [ERROR] Failed to load resource: net::ERR_CONNECTION_REFUSED @ http://localhost:4173/:0
[ 1514132ms] [ERROR] Failed to load resource: net::ERR_CONNECTION_REFUSED @ http://localhost:4173/:0
[ 1515135ms] [ERROR] Failed to load resource: net::ERR_CONNECTION_REFUSED @ http://localhost:4173/:0
[ 1516139ms] [ERROR] Failed to load resource: net::ERR_CONNECTION_REFUSED @ http://localhost:4173/:0
[ 1517143ms] [ERROR] Failed to load resource: net::ERR_CONNECTION_REFUSED @ http://localhost:4173/:0
[ 1518146ms] [ERROR] Failed to load resource: net::ERR_CONNECTION_REFUSED @ http://localhost:4173/:0
[ 1519150ms] [ERROR] Failed to load resource: net::ERR_CONNECTION_REFUSED @ http://localhost:4173/:0
[ 1520155ms] [ERROR] Failed to load resource: net::ERR_CONNECTION_REFUSED @ http://localhost:4173/:0
[ 1521160ms] [ERROR] Failed to load resource: net::ERR_CONNECTION_REFUSED @ http://localhost:4173/:0
[ 1522165ms] [ERROR] Failed to load resource: net::ERR_CONNECTION_REFUSED @ http://localhost:4173/:0
[ 1523169ms] [ERROR] Failed to load resource: net::ERR_CONNECTION_REFUSED @ http://localhost:4173/:0
[ 1524174ms] [ERROR] Failed to load resource: net::ERR_CONNECTION_REFUSED @ http://localhost:4173/:0
[ 1525178ms] [ERROR] Failed to load resource: net::ERR_CONNECTION_REFUSED @ http://localhost:4173/:0
[ 1526182ms] [ERROR] Failed to load resource: net::ERR_CONNECTION_REFUSED @ http://localhost:4173/:0
[ 1527186ms] [ERROR] Failed to load resource: net::ERR_CONNECTION_REFUSED @ http://localhost:4173/:0
[ 1528191ms] [ERROR] Failed to load resource: net::ERR_CONNECTION_REFUSED @ http://localhost:4173/:0
[ 1529195ms] [ERROR] Failed to load resource: net::ERR_CONNECTION_REFUSED @ http://localhost:4173/:0
[ 1530200ms] [ERROR] Failed to load resource: net::ERR_CONNECTION_REFUSED @ http://localhost:4173/:0
[ 1531203ms] [ERROR] Failed to load resource: net::ERR_CONNECTION_REFUSED @ http://localhost:4173/:0
[ 1532208ms] [ERROR] Failed to load resource: net::ERR_CONNECTION_REFUSED @ http://localhost:4173/:0
[ 1533211ms] [ERROR] Failed to load resource: net::ERR_CONNECTION_REFUSED @ http://localhost:4173/:0
[ 1534215ms] [ERROR] Failed to load resource: net::ERR_CONNECTION_REFUSED @ http://localhost:4173/:0
[ 1535220ms] [ERROR] Failed to load resource: net::ERR_CONNECTION_REFUSED @ http://localhost:4173/:0
[ 1536225ms] [ERROR] Failed to load resource: net::ERR_CONNECTION_REFUSED @ http://localhost:4173/:0
[ 1537229ms] [ERROR] Failed to load resource: net::ERR_CONNECTION_REFUSED @ http://localhost:4173/:0
[ 1538233ms] [ERROR] Failed to load resource: net::ERR_CONNECTION_REFUSED @ http://localhost:4173/:0
[ 1539241ms] [ERROR] Failed to load resource: net::ERR_CONNECTION_REFUSED @ http://localhost:4173/:0
[ 1540245ms] [ERROR] Failed to load resource: net::ERR_CONNECTION_REFUSED @ http://localhost:4173/:0
[ 1541248ms] [ERROR] Failed to load resource: net::ERR_CONNECTION_REFUSED @ http://localhost:4173/:0
[ 1542253ms] [ERROR] Failed to load resource: net::ERR_CONNECTION_REFUSED @ http://localhost:4173/:0
[ 1543257ms] [ERROR] Failed to load resource: net::ERR_CONNECTION_REFUSED @ http://localhost:4173/:0
[ 1544261ms] [ERROR] Failed to load resource: net::ERR_CONNECTION_REFUSED @ http://localhost:4173/:0
[ 1545264ms] [ERROR] Failed to load resource: net::ERR_CONNECTION_REFUSED @ http://localhost:4173/:0
[ 1546267ms] [ERROR] Failed to load resource: net::ERR_CONNECTION_REFUSED @ http://localhost:4173/:0
[ 1547270ms] [ERROR] Failed to load resource: net::ERR_CONNECTION_REFUSED @ http://localhost:4173/:0
[ 1548274ms] [ERROR] Failed to load resource: net::ERR_CONNECTION_REFUSED @ http://localhost:4173/:0
[ 1549278ms] [ERROR] Failed to load resource: net::ERR_CONNECTION_REFUSED @ http://localhost:4173/:0
[ 1550281ms] [ERROR] Failed to load resource: net::ERR_CONNECTION_REFUSED @ http://localhost:4173/:0
[ 1551284ms] [ERROR] Failed to load resource: net::ERR_CONNECTION_REFUSED @ http://localhost:4173/:0
[ 1552287ms] [ERROR] Failed to load resource: net::ERR_CONNECTION_REFUSED @ http://localhost:4173/:0
[ 1553289ms] [ERROR] Failed to load resource: net::ERR_CONNECTION_REFUSED @ http://localhost:4173/:0
[ 1554292ms] [ERROR] Failed to load resource: net::ERR_CONNECTION_REFUSED @ http://localhost:4173/:0
[ 1555296ms] [ERROR] Failed to load resource: net::ERR_CONNECTION_REFUSED @ http://localhost:4173/:0
[ 1556299ms] [ERROR] Failed to load resource: net::ERR_CONNECTION_REFUSED @ http://localhost:4173/:0
[ 1557304ms] [ERROR] Failed to load resource: net::ERR_CONNECTION_REFUSED @ http://localhost:4173/:0
[ 1558307ms] [ERROR] Failed to load resource: net::ERR_CONNECTION_REFUSED @ http://localhost:4173/:0
[ 1559310ms] [ERROR] Failed to load resource: net::ERR_CONNECTION_REFUSED @ http://localhost:4173/:0
[ 1560314ms] [ERROR] Failed to load resource: net::ERR_CONNECTION_REFUSED @ http://localhost:4173/:0
[ 1561319ms] [ERROR] Failed to load resource: net::ERR_CONNECTION_REFUSED @ http://localhost:4173/:0
[ 1562323ms] [ERROR] Failed to load resource: net::ERR_CONNECTION_REFUSED @ http://localhost:4173/:0
[ 1563328ms] [ERROR] Failed to load resource: net::ERR_CONNECTION_REFUSED @ http://localhost:4173/:0
[ 1564332ms] [ERROR] Failed to load resource: net::ERR_CONNECTION_REFUSED @ http://localhost:4173/:0
[ 1565337ms] [ERROR] Failed to load resource: net::ERR_CONNECTION_REFUSED @ http://localhost:4173/:0
[ 1566342ms] [ERROR] Failed to load resource: net::ERR_CONNECTION_REFUSED @ http://localhost:4173/:0
[ 1567346ms] [ERROR] Failed to load resource: net::ERR_CONNECTION_REFUSED @ http://localhost:4173/:0
[ 1568350ms] [ERROR] Failed to load resource: net::ERR_CONNECTION_REFUSED @ http://localhost:4173/:0
[ 1569354ms] [ERROR] Failed to load resource: net::ERR_CONNECTION_REFUSED @ http://localhost:4173/:0
[ 1570358ms] [ERROR] Failed to load resource: net::ERR_CONNECTION_REFUSED @ http://localhost:4173/:0
[ 1571360ms] [ERROR] Failed to load resource: net::ERR_CONNECTION_REFUSED @ http://localhost:4173/:0
[ 1572363ms] [ERROR] Failed to load resource: net::ERR_CONNECTION_REFUSED @ http://localhost:4173/:0
[ 1573368ms] [ERROR] Failed to load resource: net::ERR_CONNECTION_REFUSED @ http://localhost:4173/:0
[ 1574372ms] [ERROR] Failed to load resource: net::ERR_CONNECTION_REFUSED @ http://localhost:4173/:0
[ 1575377ms] [ERROR] Failed to load resource: net::ERR_CONNECTION_REFUSED @ http://localhost:4173/:0
[ 1576382ms] [ERROR] Failed to load resource: net::ERR_CONNECTION_REFUSED @ http://localhost:4173/:0
[ 1577384ms] [ERROR] Failed to load resource: net::ERR_CONNECTION_REFUSED @ http://localhost:4173/:0
[ 1578389ms] [ERROR] Failed to load resource: net::ERR_CONNECTION_REFUSED @ http://localhost:4173/:0
[ 1579393ms] [ERROR] Failed to load resource: net::ERR_CONNECTION_REFUSED @ http://localhost:4173/:0
[ 1580398ms] [ERROR] Failed to load resource: net::ERR_CONNECTION_REFUSED @ http://localhost:4173/:0
[ 1581402ms] [ERROR] Failed to load resource: net::ERR_CONNECTION_REFUSED @ http://localhost:4173/:0
[ 1582406ms] [ERROR] Failed to load resource: net::ERR_CONNECTION_REFUSED @ http://localhost:4173/:0
[ 1583412ms] [ERROR] Failed to load resource: net::ERR_CONNECTION_REFUSED @ http://localhost:4173/:0
[ 1584416ms] [ERROR] Failed to load resource: net::ERR_CONNECTION_REFUSED @ http://localhost:4173/:0
[ 1585421ms] [ERROR] Failed to load resource: net::ERR_CONNECTION_REFUSED @ http://localhost:4173/:0
[ 1586426ms] [ERROR] Failed to load resource: net::ERR_CONNECTION_REFUSED @ http://localhost:4173/:0
[ 1587430ms] [ERROR] Failed to load resource: net::ERR_CONNECTION_REFUSED @ http://localhost:4173/:0
[ 1588435ms] [ERROR] Failed to load resource: net::ERR_CONNECTION_REFUSED @ http://localhost:4173/:0
[ 1589440ms] [ERROR] Failed to load resource: net::ERR_CONNECTION_REFUSED @ http://localhost:4173/:0
[ 1590445ms] [ERROR] Failed to load resource: net::ERR_CONNECTION_REFUSED @ http://localhost:4173/:0
[ 1591448ms] [ERROR] Failed to load resource: net::ERR_CONNECTION_REFUSED @ http://localhost:4173/:0
[ 1592452ms] [ERROR] Failed to load resource: net::ERR_CONNECTION_REFUSED @ http://localhost:4173/:0
[ 1593457ms] [ERROR] Failed to load resource: net::ERR_CONNECTION_REFUSED @ http://localhost:4173/:0
[ 1594460ms] [ERROR] Failed to load resource: net::ERR_CONNECTION_REFUSED @ http://localhost:4173/:0
[ 1595463ms] [ERROR] Failed to load resource: net::ERR_CONNECTION_REFUSED @ http://localhost:4173/:0
[ 1596467ms] [ERROR] Failed to load resource: net::ERR_CONNECTION_REFUSED @ http://localhost:4173/:0
[ 1597470ms] [ERROR] Failed to load resource: net::ERR_CONNECTION_REFUSED @ http://localhost:4173/:0
[ 1598475ms] [ERROR] Failed to load resource: net::ERR_CONNECTION_REFUSED @ http://localhost:4173/:0
[ 1599479ms] [ERROR] Failed to load resource: net::ERR_CONNECTION_REFUSED @ http://localhost:4173/:0
[ 1600482ms] [ERROR] Failed to load resource: net::ERR_CONNECTION_REFUSED @ http://localhost:4173/:0
[ 1601485ms] [ERROR] Failed to load resource: net::ERR_CONNECTION_REFUSED @ http://localhost:4173/:0
[ 1602490ms] [ERROR] Failed to load resource: net::ERR_CONNECTION_REFUSED @ http://localhost:4173/:0
[ 1603493ms] [ERROR] Failed to load resource: net::ERR_CONNECTION_REFUSED @ http://localhost:4173/:0
[ 1604497ms] [ERROR] Failed to load resource: net::ERR_CONNECTION_REFUSED @ http://localhost:4173/:0
[ 1605501ms] [ERROR] Failed to load resource: net::ERR_CONNECTION_REFUSED @ http://localhost:4173/:0
[ 1606505ms] [ERROR] Failed to load resource: net::ERR_CONNECTION_REFUSED @ http://localhost:4173/:0
[ 1607508ms] [ERROR] Failed to load resource: net::ERR_CONNECTION_REFUSED @ http://localhost:4173/:0
[ 1608512ms] [ERROR] Failed to load resource: net::ERR_CONNECTION_REFUSED @ http://localhost:4173/:0
[ 1609516ms] [ERROR] Failed to load resource: net::ERR_CONNECTION_REFUSED @ http://localhost:4173/:0
[ 1610521ms] [ERROR] Failed to load resource: net::ERR_CONNECTION_REFUSED @ http://localhost:4173/:0
[ 1611524ms] [ERROR] Failed to load resource: net::ERR_CONNECTION_REFUSED @ http://localhost:4173/:0
[ 1612527ms] [ERROR] Failed to load resource: net::ERR_CONNECTION_REFUSED @ http://localhost:4173/:0
[ 1613531ms] [ERROR] Failed to load resource: net::ERR_CONNECTION_REFUSED @ http://localhost:4173/:0
[ 1614535ms] [ERROR] Failed to load resource: net::ERR_CONNECTION_REFUSED @ http://localhost:4173/:0
[ 1615538ms] [ERROR] Failed to load resource: net::ERR_CONNECTION_REFUSED @ http://localhost:4173/:0
[ 1616541ms] [ERROR] Failed to load resource: net::ERR_CONNECTION_REFUSED @ http://localhost:4173/:0
[ 1617546ms] [ERROR] Failed to load resource: net::ERR_CONNECTION_REFUSED @ http://localhost:4173/:0
[ 1618551ms] [ERROR] Failed to load resource: net::ERR_CONNECTION_REFUSED @ http://localhost:4173/:0
[ 1619556ms] [ERROR] Failed to load resource: net::ERR_CONNECTION_REFUSED @ http://localhost:4173/:0
[ 1620561ms] [ERROR] Failed to load resource: net::ERR_CONNECTION_REFUSED @ http://localhost:4173/:0
[ 1621565ms] [ERROR] Failed to load resource: net::ERR_CONNECTION_REFUSED @ http://localhost:4173/:0
[ 1622569ms] [ERROR] Failed to load resource: net::ERR_CONNECTION_REFUSED @ http://localhost:4173/:0
[ 1623574ms] [ERROR] Failed to load resource: net::ERR_CONNECTION_REFUSED @ http://localhost:4173/:0
[ 1624579ms] [ERROR] Failed to load resource: net::ERR_CONNECTION_REFUSED @ http://localhost:4173/:0
[ 1625583ms] [ERROR] Failed to load resource: net::ERR_CONNECTION_REFUSED @ http://localhost:4173/:0
[ 1626587ms] [ERROR] Failed to load resource: net::ERR_CONNECTION_REFUSED @ http://localhost:4173/:0
[ 1627591ms] [ERROR] Failed to load resource: net::ERR_CONNECTION_REFUSED @ http://localhost:4173/:0
[ 1628595ms] [ERROR] Failed to load resource: net::ERR_CONNECTION_REFUSED @ http://localhost:4173/:0
[ 1629599ms] [ERROR] Failed to load resource: net::ERR_CONNECTION_REFUSED @ http://localhost:4173/:0
[ 1630604ms] [ERROR] Failed to load resource: net::ERR_CONNECTION_REFUSED @ http://localhost:4173/:0
[ 1631609ms] [ERROR] Failed to load resource: net::ERR_CONNECTION_REFUSED @ http://localhost:4173/:0
[ 1632616ms] [ERROR] Failed to load resource: net::ERR_CONNECTION_REFUSED @ http://localhost:4173/:0
[ 1633619ms] [ERROR] Failed to load resource: net::ERR_CONNECTION_REFUSED @ http://localhost:4173/:0
[ 1634623ms] [ERROR] Failed to load resource: net::ERR_CONNECTION_REFUSED @ http://localhost:4173/:0
[ 1635626ms] [ERROR] Failed to load resource: net::ERR_CONNECTION_REFUSED @ http://localhost:4173/:0
[ 1636630ms] [ERROR] Failed to load resource: net::ERR_CONNECTION_REFUSED @ http://localhost:4173/:0
[ 1637635ms] [ERROR] Failed to load resource: net::ERR_CONNECTION_REFUSED @ http://localhost:4173/:0
[ 1638638ms] [ERROR] Failed to load resource: net::ERR_CONNECTION_REFUSED @ http://localhost:4173/:0
[ 1639642ms] [ERROR] Failed to load resource: net::ERR_CONNECTION_REFUSED @ http://localhost:4173/:0
[ 1640646ms] [ERROR] Failed to load resource: net::ERR_CONNECTION_REFUSED @ http://localhost:4173/:0
[ 1641650ms] [ERROR] Failed to load resource: net::ERR_CONNECTION_REFUSED @ http://localhost:4173/:0
[ 1642654ms] [ERROR] Failed to load resource: net::ERR_CONNECTION_REFUSED @ http://localhost:4173/:0
[ 1643658ms] [ERROR] Failed to load resource: net::ERR_CONNECTION_REFUSED @ http://localhost:4173/:0
[ 1644661ms] [ERROR] Failed to load resource: net::ERR_CONNECTION_REFUSED @ http://localhost:4173/:0
[ 1645665ms] [ERROR] Failed to load resource: net::ERR_CONNECTION_REFUSED @ http://localhost:4173/:0
[ 1646669ms] [ERROR] Failed to load resource: net::ERR_CONNECTION_REFUSED @ http://localhost:4173/:0
[ 1647673ms] [ERROR] Failed to load resource: net::ERR_CONNECTION_REFUSED @ http://localhost:4173/:0
[ 1648677ms] [ERROR] Failed to load resource: net::ERR_CONNECTION_REFUSED @ http://localhost:4173/:0
[ 1649681ms] [ERROR] Failed to load resource: net::ERR_CONNECTION_REFUSED @ http://localhost:4173/:0
[ 1650686ms] [ERROR] Failed to load resource: net::ERR_CONNECTION_REFUSED @ http://localhost:4173/:0
[ 1651690ms] [ERROR] Failed to load resource: net::ERR_CONNECTION_REFUSED @ http://localhost:4173/:0
[ 1652693ms] [ERROR] Failed to load resource: net::ERR_CONNECTION_REFUSED @ http://localhost:4173/:0
[ 1653697ms] [ERROR] Failed to load resource: net::ERR_CONNECTION_REFUSED @ http://localhost:4173/:0
[ 1654700ms] [ERROR] Failed to load resource: net::ERR_CONNECTION_REFUSED @ http://localhost:4173/:0
[ 1655704ms] [ERROR] Failed to load resource: net::ERR_CONNECTION_REFUSED @ http://localhost:4173/:0
[ 1656707ms] [ERROR] Failed to load resource: net::ERR_CONNECTION_REFUSED @ http://localhost:4173/:0
[ 1657711ms] [ERROR] Failed to load resource: net::ERR_CONNECTION_REFUSED @ http://localhost:4173/:0
[ 1658715ms] [ERROR] Failed to load resource: net::ERR_CONNECTION_REFUSED @ http://localhost:4173/:0
[ 1659720ms] [ERROR] Failed to load resource: net::ERR_CONNECTION_REFUSED @ http://localhost:4173/:0
[ 1660725ms] [ERROR] Failed to load resource: net::ERR_CONNECTION_REFUSED @ http://localhost:4173/:0
[ 1661729ms] [ERROR] Failed to load resource: net::ERR_CONNECTION_REFUSED @ http://localhost:4173/:0
[ 1662732ms] [ERROR] Failed to load resource: net::ERR_CONNECTION_REFUSED @ http://localhost:4173/:0
[ 1663735ms] [ERROR] Failed to load resource: net::ERR_CONNECTION_REFUSED @ http://localhost:4173/:0
[ 1664738ms] [ERROR] Failed to load resource: net::ERR_CONNECTION_REFUSED @ http://localhost:4173/:0
[ 1665743ms] [ERROR] Failed to load resource: net::ERR_CONNECTION_REFUSED @ http://localhost:4173/:0
[ 1666747ms] [ERROR] Failed to load resource: net::ERR_CONNECTION_REFUSED @ http://localhost:4173/:0
[ 1667750ms] [ERROR] Failed to load resource: net::ERR_CONNECTION_REFUSED @ http://localhost:4173/:0
[ 1668754ms] [ERROR] Failed to load resource: net::ERR_CONNECTION_REFUSED @ http://localhost:4173/:0
[ 1669757ms] [ERROR] Failed to load resource: net::ERR_CONNECTION_REFUSED @ http://localhost:4173/:0
[ 1670761ms] [ERROR] Failed to load resource: net::ERR_CONNECTION_REFUSED @ http://localhost:4173/:0
[ 1671764ms] [ERROR] Failed to load resource: net::ERR_CONNECTION_REFUSED @ http://localhost:4173/:0
[ 1672767ms] [ERROR] Failed to load resource: net::ERR_CONNECTION_REFUSED @ http://localhost:4173/:0
[ 1673772ms] [ERROR] Failed to load resource: net::ERR_CONNECTION_REFUSED @ http://localhost:4173/:0
[ 1674777ms] [ERROR] Failed to load resource: net::ERR_CONNECTION_REFUSED @ http://localhost:4173/:0
[ 1675782ms] [ERROR] Failed to load resource: net::ERR_CONNECTION_REFUSED @ http://localhost:4173/:0
[ 1676786ms] [ERROR] Failed to load resource: net::ERR_CONNECTION_REFUSED @ http://localhost:4173/:0
[ 1677790ms] [ERROR] Failed to load resource: net::ERR_CONNECTION_REFUSED @ http://localhost:4173/:0
[ 1678797ms] [ERROR] Failed to load resource: net::ERR_CONNECTION_REFUSED @ http://localhost:4173/:0
[ 1679801ms] [ERROR] Failed to load resource: net::ERR_CONNECTION_REFUSED @ http://localhost:4173/:0
[ 1680805ms] [ERROR] Failed to load resource: net::ERR_CONNECTION_REFUSED @ http://localhost:4173/:0
[ 1681807ms] [ERROR] Failed to load resource: net::ERR_CONNECTION_REFUSED @ http://localhost:4173/:0
[ 1682812ms] [ERROR] Failed to load resource: net::ERR_CONNECTION_REFUSED @ http://localhost:4173/:0
[ 1683816ms] [ERROR] Failed to load resource: net::ERR_CONNECTION_REFUSED @ http://localhost:4173/:0
[ 1684821ms] [ERROR] Failed to load resource: net::ERR_CONNECTION_REFUSED @ http://localhost:4173/:0
[ 1685824ms] [ERROR] Failed to load resource: net::ERR_CONNECTION_REFUSED @ http://localhost:4173/:0
[ 1686829ms] [ERROR] Failed to load resource: net::ERR_CONNECTION_REFUSED @ http://localhost:4173/:0
[ 1687834ms] [ERROR] Failed to load resource: net::ERR_CONNECTION_REFUSED @ http://localhost:4173/:0
[ 1688838ms] [ERROR] Failed to load resource: net::ERR_CONNECTION_REFUSED @ http://localhost:4173/:0
[ 1689841ms] [ERROR] Failed to load resource: net::ERR_CONNECTION_REFUSED @ http://localhost:4173/:0
[ 1690851ms] [ERROR] Failed to load resource: net::ERR_CONNECTION_REFUSED @ http://localhost:4173/:0
[ 1691858ms] [ERROR] Failed to load resource: net::ERR_CONNECTION_REFUSED @ http://localhost:4173/:0
[ 1692861ms] [ERROR] Failed to load resource: net::ERR_CONNECTION_REFUSED @ http://localhost:4173/:0
[ 1693866ms] [ERROR] Failed to load resource: net::ERR_CONNECTION_REFUSED @ http://localhost:4173/:0
[ 1694870ms] [ERROR] Failed to load resource: net::ERR_CONNECTION_REFUSED @ http://localhost:4173/:0
[ 1695873ms] [ERROR] Failed to load resource: net::ERR_CONNECTION_REFUSED @ http://localhost:4173/:0
[ 1696877ms] [ERROR] Failed to load resource: net::ERR_CONNECTION_REFUSED @ http://localhost:4173/:0
[ 1697880ms] [ERROR] Failed to load resource: net::ERR_CONNECTION_REFUSED @ http://localhost:4173/:0
[ 1698885ms] [ERROR] Failed to load resource: net::ERR_CONNECTION_REFUSED @ http://localhost:4173/:0
[ 1699888ms] [ERROR] Failed to load resource: net::ERR_CONNECTION_REFUSED @ http://localhost:4173/:0
[ 1700917ms] [ERROR] Failed to load resource: net::ERR_CONNECTION_REFUSED @ http://localhost:4173/:0
[ 1701923ms] [ERROR] Failed to load resource: net::ERR_CONNECTION_REFUSED @ http://localhost:4173/:0
[ 1702927ms] [ERROR] Failed to load resource: net::ERR_CONNECTION_REFUSED @ http://localhost:4173/:0
[ 1703932ms] [ERROR] Failed to load resource: net::ERR_CONNECTION_REFUSED @ http://localhost:4173/:0
[ 1704935ms] [ERROR] Failed to load resource: net::ERR_CONNECTION_REFUSED @ http://localhost:4173/:0
[ 1705938ms] [ERROR] Failed to load resource: net::ERR_CONNECTION_REFUSED @ http://localhost:4173/:0
[ 1706940ms] [ERROR] Failed to load resource: net::ERR_CONNECTION_REFUSED @ http://localhost:4173/:0
[ 1707946ms] [ERROR] Failed to load resource: net::ERR_CONNECTION_REFUSED @ http://localhost:4173/:0
[ 1708948ms] [ERROR] Failed to load resource: net::ERR_CONNECTION_REFUSED @ http://localhost:4173/:0
[ 1709953ms] [ERROR] Failed to load resource: net::ERR_CONNECTION_REFUSED @ http://localhost:4173/:0
[ 1710957ms] [ERROR] Failed to load resource: net::ERR_CONNECTION_REFUSED @ http://localhost:4173/:0
[ 1711964ms] [ERROR] Failed to load resource: net::ERR_CONNECTION_REFUSED @ http://localhost:4173/:0
[ 1712968ms] [ERROR] Failed to load resource: net::ERR_CONNECTION_REFUSED @ http://localhost:4173/:0
[ 1713973ms] [ERROR] Failed to load resource: net::ERR_CONNECTION_REFUSED @ http://localhost:4173/:0
[ 1714977ms] [ERROR] Failed to load resource: net::ERR_CONNECTION_REFUSED @ http://localhost:4173/:0
[ 1715982ms] [ERROR] Failed to load resource: net::ERR_CONNECTION_REFUSED @ http://localhost:4173/:0
[ 1716986ms] [ERROR] Failed to load resource: net::ERR_CONNECTION_REFUSED @ http://localhost:4173/:0
[ 1717991ms] [ERROR] Failed to load resource: net::ERR_CONNECTION_REFUSED @ http://localhost:4173/:0
[ 1718995ms] [ERROR] Failed to load resource: net::ERR_CONNECTION_REFUSED @ http://localhost:4173/:0
[ 1720000ms] [ERROR] Failed to load resource: net::ERR_CONNECTION_REFUSED @ http://localhost:4173/:0
[ 1721003ms] [ERROR] Failed to load resource: net::ERR_CONNECTION_REFUSED @ http://localhost:4173/:0
[ 1722007ms] [ERROR] Failed to load resource: net::ERR_CONNECTION_REFUSED @ http://localhost:4173/:0
[ 1723010ms] [ERROR] Failed to load resource: net::ERR_CONNECTION_REFUSED @ http://localhost:4173/:0
[ 1724013ms] [ERROR] Failed to load resource: net::ERR_CONNECTION_REFUSED @ http://localhost:4173/:0
[ 1725018ms] [ERROR] Failed to load resource: net::ERR_CONNECTION_REFUSED @ http://localhost:4173/:0
[ 1726023ms] [ERROR] Failed to load resource: net::ERR_CONNECTION_REFUSED @ http://localhost:4173/:0
[ 1727027ms] [ERROR] Failed to load resource: net::ERR_CONNECTION_REFUSED @ http://localhost:4173/:0
[ 1728031ms] [ERROR] Failed to load resource: net::ERR_CONNECTION_REFUSED @ http://localhost:4173/:0
[ 1729034ms] [ERROR] Failed to load resource: net::ERR_CONNECTION_REFUSED @ http://localhost:4173/:0
[ 1730039ms] [ERROR] Failed to load resource: net::ERR_CONNECTION_REFUSED @ http://localhost:4173/:0
[ 1731043ms] [ERROR] Failed to load resource: net::ERR_CONNECTION_REFUSED @ http://localhost:4173/:0
[ 1732048ms] [ERROR] Failed to load resource: net::ERR_CONNECTION_REFUSED @ http://localhost:4173/:0
[ 1733052ms] [ERROR] Failed to load resource: net::ERR_CONNECTION_REFUSED @ http://localhost:4173/:0
[ 1734056ms] [ERROR] Failed to load resource: net::ERR_CONNECTION_REFUSED @ http://localhost:4173/:0
[ 1735058ms] [ERROR] Failed to load resource: net::ERR_CONNECTION_REFUSED @ http://localhost:4173/:0
[ 1736062ms] [ERROR] Failed to load resource: net::ERR_CONNECTION_REFUSED @ http://localhost:4173/:0
[ 1737064ms] [ERROR] Failed to load resource: net::ERR_CONNECTION_REFUSED @ http://localhost:4173/:0
[ 1738068ms] [ERROR] Failed to load resource: net::ERR_CONNECTION_REFUSED @ http://localhost:4173/:0
[ 1739071ms] [ERROR] Failed to load resource: net::ERR_CONNECTION_REFUSED @ http://localhost:4173/:0
[ 1740076ms] [ERROR] Failed to load resource: net::ERR_CONNECTION_REFUSED @ http://localhost:4173/:0
[ 1741078ms] [ERROR] Failed to load resource: net::ERR_CONNECTION_REFUSED @ http://localhost:4173/:0
[ 1742083ms] [ERROR] Failed to load resource: net::ERR_CONNECTION_REFUSED @ http://localhost:4173/:0
[ 1743088ms] [ERROR] Failed to load resource: net::ERR_CONNECTION_REFUSED @ http://localhost:4173/:0
[ 1744092ms] [ERROR] Failed to load resource: net::ERR_CONNECTION_REFUSED @ http://localhost:4173/:0
[ 1745096ms] [ERROR] Failed to load resource: net::ERR_CONNECTION_REFUSED @ http://localhost:4173/:0
[ 1746099ms] [ERROR] Failed to load resource: net::ERR_CONNECTION_REFUSED @ http://localhost:4173/:0
[ 1747103ms] [ERROR] Failed to load resource: net::ERR_CONNECTION_REFUSED @ http://localhost:4173/:0
[ 1748107ms] [ERROR] Failed to load resource: net::ERR_CONNECTION_REFUSED @ http://localhost:4173/:0
[ 1749109ms] [ERROR] Failed to load resource: net::ERR_CONNECTION_REFUSED @ http://localhost:4173/:0
[ 1750114ms] [ERROR] Failed to load resource: net::ERR_CONNECTION_REFUSED @ http://localhost:4173/:0
[ 1751118ms] [ERROR] Failed to load resource: net::ERR_CONNECTION_REFUSED @ http://localhost:4173/:0
[ 1752122ms] [ERROR] Failed to load resource: net::ERR_CONNECTION_REFUSED @ http://localhost:4173/:0
[ 1753126ms] [ERROR] Failed to load resource: net::ERR_CONNECTION_REFUSED @ http://localhost:4173/:0
[ 1754129ms] [ERROR] Failed to load resource: net::ERR_CONNECTION_REFUSED @ http://localhost:4173/:0
[ 1755133ms] [ERROR] Failed to load resource: net::ERR_CONNECTION_REFUSED @ http://localhost:4173/:0
[ 1756136ms] [ERROR] Failed to load resource: net::ERR_CONNECTION_REFUSED @ http://localhost:4173/:0
[ 1757139ms] [ERROR] Failed to load resource: net::ERR_CONNECTION_REFUSED @ http://localhost:4173/:0
[ 1758143ms] [ERROR] Failed to load resource: net::ERR_CONNECTION_REFUSED @ http://localhost:4173/:0
[ 1759147ms] [ERROR] Failed to load resource: net::ERR_CONNECTION_REFUSED @ http://localhost:4173/:0
[ 1760152ms] [ERROR] Failed to load resource: net::ERR_CONNECTION_REFUSED @ http://localhost:4173/:0
[ 1761156ms] [ERROR] Failed to load resource: net::ERR_CONNECTION_REFUSED @ http://localhost:4173/:0
[ 1762160ms] [ERROR] Failed to load resource: net::ERR_CONNECTION_REFUSED @ http://localhost:4173/:0
[ 1763164ms] [ERROR] Failed to load resource: net::ERR_CONNECTION_REFUSED @ http://localhost:4173/:0
[ 1764166ms] [ERROR] Failed to load resource: net::ERR_CONNECTION_REFUSED @ http://localhost:4173/:0
[ 1765169ms] [ERROR] Failed to load resource: net::ERR_CONNECTION_REFUSED @ http://localhost:4173/:0
[ 1766172ms] [ERROR] Failed to load resource: net::ERR_CONNECTION_REFUSED @ http://localhost:4173/:0
[ 1767177ms] [ERROR] Failed to load resource: net::ERR_CONNECTION_REFUSED @ http://localhost:4173/:0
[ 1768181ms] [ERROR] Failed to load resource: net::ERR_CONNECTION_REFUSED @ http://localhost:4173/:0
[ 1769184ms] [ERROR] Failed to load resource: net::ERR_CONNECTION_REFUSED @ http://localhost:4173/:0
[ 1770187ms] [ERROR] Failed to load resource: net::ERR_CONNECTION_REFUSED @ http://localhost:4173/:0
[ 1771189ms] [ERROR] Failed to load resource: net::ERR_CONNECTION_REFUSED @ http://localhost:4173/:0
[ 1772193ms] [ERROR] Failed to load resource: net::ERR_CONNECTION_REFUSED @ http://localhost:4173/:0
[ 1773196ms] [ERROR] Failed to load resource: net::ERR_CONNECTION_REFUSED @ http://localhost:4173/:0
[ 1774199ms] [ERROR] Failed to load resource: net::ERR_CONNECTION_REFUSED @ http://localhost:4173/:0
[ 1775203ms] [ERROR] Failed to load resource: net::ERR_CONNECTION_REFUSED @ http://localhost:4173/:0
[ 1776207ms] [ERROR] Failed to load resource: net::ERR_CONNECTION_REFUSED @ http://localhost:4173/:0
[ 1777211ms] [ERROR] Failed to load resource: net::ERR_CONNECTION_REFUSED @ http://localhost:4173/:0
[ 1778216ms] [ERROR] Failed to load resource: net::ERR_CONNECTION_REFUSED @ http://localhost:4173/:0
[ 1779221ms] [ERROR] Failed to load resource: net::ERR_CONNECTION_REFUSED @ http://localhost:4173/:0
[ 1780224ms] [ERROR] Failed to load resource: net::ERR_CONNECTION_REFUSED @ http://localhost:4173/:0
[ 1781228ms] [ERROR] Failed to load resource: net::ERR_CONNECTION_REFUSED @ http://localhost:4173/:0
[ 1782232ms] [ERROR] Failed to load resource: net::ERR_CONNECTION_REFUSED @ http://localhost:4173/:0
[ 1783236ms] [ERROR] Failed to load resource: net::ERR_CONNECTION_REFUSED @ http://localhost:4173/:0
[ 1784240ms] [ERROR] Failed to load resource: net::ERR_CONNECTION_REFUSED @ http://localhost:4173/:0
[ 1785244ms] [ERROR] Failed to load resource: net::ERR_CONNECTION_REFUSED @ http://localhost:4173/:0
[ 1786248ms] [ERROR] Failed to load resource: net::ERR_CONNECTION_REFUSED @ http://localhost:4173/:0
[ 1787252ms] [ERROR] Failed to load resource: net::ERR_CONNECTION_REFUSED @ http://localhost:4173/:0
[ 1788255ms] [ERROR] Failed to load resource: net::ERR_CONNECTION_REFUSED @ http://localhost:4173/:0
[ 1789260ms] [ERROR] Failed to load resource: net::ERR_CONNECTION_REFUSED @ http://localhost:4173/:0
[ 1790265ms] [ERROR] Failed to load resource: net::ERR_CONNECTION_REFUSED @ http://localhost:4173/:0
[ 1791270ms] [ERROR] Failed to load resource: net::ERR_CONNECTION_REFUSED @ http://localhost:4173/:0
[ 1792275ms] [ERROR] Failed to load resource: net::ERR_CONNECTION_REFUSED @ http://localhost:4173/:0
[ 1793279ms] [ERROR] Failed to load resource: net::ERR_CONNECTION_REFUSED @ http://localhost:4173/:0
[ 1794283ms] [ERROR] Failed to load resource: net::ERR_CONNECTION_REFUSED @ http://localhost:4173/:0
[ 1795287ms] [ERROR] Failed to load resource: net::ERR_CONNECTION_REFUSED @ http://localhost:4173/:0
[ 1796292ms] [ERROR] Failed to load resource: net::ERR_CONNECTION_REFUSED @ http://localhost:4173/:0
[ 1797296ms] [ERROR] Failed to load resource: net::ERR_CONNECTION_REFUSED @ http://localhost:4173/:0
[ 1798300ms] [ERROR] Failed to load resource: net::ERR_CONNECTION_REFUSED @ http://localhost:4173/:0
[ 1799305ms] [ERROR] Failed to load resource: net::ERR_CONNECTION_REFUSED @ http://localhost:4173/:0
[ 1800308ms] [ERROR] Failed to load resource: net::ERR_CONNECTION_REFUSED @ http://localhost:4173/:0
[ 1801311ms] [ERROR] Failed to load resource: net::ERR_CONNECTION_REFUSED @ http://localhost:4173/:0
[ 1802314ms] [ERROR] Failed to load resource: net::ERR_CONNECTION_REFUSED @ http://localhost:4173/:0
[ 1803318ms] [ERROR] Failed to load resource: net::ERR_CONNECTION_REFUSED @ http://localhost:4173/:0
[ 1804321ms] [ERROR] Failed to load resource: net::ERR_CONNECTION_REFUSED @ http://localhost:4173/:0
[ 1805325ms] [ERROR] Failed to load resource: net::ERR_CONNECTION_REFUSED @ http://localhost:4173/:0
[ 1806328ms] [ERROR] Failed to load resource: net::ERR_CONNECTION_REFUSED @ http://localhost:4173/:0
[ 1807331ms] [ERROR] Failed to load resource: net::ERR_CONNECTION_REFUSED @ http://localhost:4173/:0
[ 1808335ms] [ERROR] Failed to load resource: net::ERR_CONNECTION_REFUSED @ http://localhost:4173/:0
[ 1809339ms] [ERROR] Failed to load resource: net::ERR_CONNECTION_REFUSED @ http://localhost:4173/:0
[ 1810343ms] [ERROR] Failed to load resource: net::ERR_CONNECTION_REFUSED @ http://localhost:4173/:0
[ 1811347ms] [ERROR] Failed to load resource: net::ERR_CONNECTION_REFUSED @ http://localhost:4173/:0
[ 1812350ms] [ERROR] Failed to load resource: net::ERR_CONNECTION_REFUSED @ http://localhost:4173/:0
[ 1813354ms] [ERROR] Failed to load resource: net::ERR_CONNECTION_REFUSED @ http://localhost:4173/:0
[ 1814357ms] [ERROR] Failed to load resource: net::ERR_CONNECTION_REFUSED @ http://localhost:4173/:0
[ 1815361ms] [ERROR] Failed to load resource: net::ERR_CONNECTION_REFUSED @ http://localhost:4173/:0
[ 1816365ms] [ERROR] Failed to load resource: net::ERR_CONNECTION_REFUSED @ http://localhost:4173/:0
[ 1817369ms] [ERROR] Failed to load resource: net::ERR_CONNECTION_REFUSED @ http://localhost:4173/:0
[ 1818372ms] [ERROR] Failed to load resource: net::ERR_CONNECTION_REFUSED @ http://localhost:4173/:0
[ 1819382ms] [ERROR] Failed to load resource: net::ERR_CONNECTION_REFUSED @ http://localhost:4173/:0
[ 1820389ms] [ERROR] Failed to load resource: net::ERR_CONNECTION_REFUSED @ http://localhost:4173/:0
[ 1821393ms] [ERROR] Failed to load resource: net::ERR_CONNECTION_REFUSED @ http://localhost:4173/:0
[ 1822397ms] [ERROR] Failed to load resource: net::ERR_CONNECTION_REFUSED @ http://localhost:4173/:0
[ 1823402ms] [ERROR] Failed to load resource: net::ERR_CONNECTION_REFUSED @ http://localhost:4173/:0
[ 1824406ms] [ERROR] Failed to load resource: net::ERR_CONNECTION_REFUSED @ http://localhost:4173/:0
[ 1825411ms] [ERROR] Failed to load resource: net::ERR_CONNECTION_REFUSED @ http://localhost:4173/:0
[ 1826416ms] [ERROR] Failed to load resource: net::ERR_CONNECTION_REFUSED @ http://localhost:4173/:0
[ 1827421ms] [ERROR] Failed to load resource: net::ERR_CONNECTION_REFUSED @ http://localhost:4173/:0
[ 1828425ms] [ERROR] Failed to load resource: net::ERR_CONNECTION_REFUSED @ http://localhost:4173/:0
[ 1829430ms] [ERROR] Failed to load resource: net::ERR_CONNECTION_REFUSED @ http://localhost:4173/:0
[ 1830435ms] [ERROR] Failed to load resource: net::ERR_CONNECTION_REFUSED @ http://localhost:4173/:0
[ 1831438ms] [ERROR] Failed to load resource: net::ERR_CONNECTION_REFUSED @ http://localhost:4173/:0
[ 1832441ms] [ERROR] Failed to load resource: net::ERR_CONNECTION_REFUSED @ http://localhost:4173/:0
[ 1833445ms] [ERROR] Failed to load resource: net::ERR_CONNECTION_REFUSED @ http://localhost:4173/:0
[ 1834448ms] [ERROR] Failed to load resource: net::ERR_CONNECTION_REFUSED @ http://localhost:4173/:0
[ 1835453ms] [ERROR] Failed to load resource: net::ERR_CONNECTION_REFUSED @ http://localhost:4173/:0
[ 1836456ms] [ERROR] Failed to load resource: net::ERR_CONNECTION_REFUSED @ http://localhost:4173/:0
[ 1837460ms] [ERROR] Failed to load resource: net::ERR_CONNECTION_REFUSED @ http://localhost:4173/:0
[ 1838463ms] [ERROR] Failed to load resource: net::ERR_CONNECTION_REFUSED @ http://localhost:4173/:0
[ 1839466ms] [ERROR] Failed to load resource: net::ERR_CONNECTION_REFUSED @ http://localhost:4173/:0
[ 1840470ms] [ERROR] Failed to load resource: net::ERR_CONNECTION_REFUSED @ http://localhost:4173/:0
[ 1841473ms] [ERROR] Failed to load resource: net::ERR_CONNECTION_REFUSED @ http://localhost:4173/:0
[ 1842478ms] [ERROR] Failed to load resource: net::ERR_CONNECTION_REFUSED @ http://localhost:4173/:0
[ 1843482ms] [ERROR] Failed to load resource: net::ERR_CONNECTION_REFUSED @ http://localhost:4173/:0
[ 1844486ms] [ERROR] Failed to load resource: net::ERR_CONNECTION_REFUSED @ http://localhost:4173/:0
[ 1845491ms] [ERROR] Failed to load resource: net::ERR_CONNECTION_REFUSED @ http://localhost:4173/:0
[ 1846495ms] [ERROR] Failed to load resource: net::ERR_CONNECTION_REFUSED @ http://localhost:4173/:0
[ 1847499ms] [ERROR] Failed to load resource: net::ERR_CONNECTION_REFUSED @ http://localhost:4173/:0
[ 1848503ms] [ERROR] Failed to load resource: net::ERR_CONNECTION_REFUSED @ http://localhost:4173/:0
[ 1849507ms] [ERROR] Failed to load resource: net::ERR_CONNECTION_REFUSED @ http://localhost:4173/:0
[ 1850516ms] [ERROR] Failed to load resource: net::ERR_CONNECTION_REFUSED @ http://localhost:4173/:0
[ 1851521ms] [ERROR] Failed to load resource: net::ERR_CONNECTION_REFUSED @ http://localhost:4173/:0
[ 1852525ms] [ERROR] Failed to load resource: net::ERR_CONNECTION_REFUSED @ http://localhost:4173/:0
[ 1853529ms] [ERROR] Failed to load resource: net::ERR_CONNECTION_REFUSED @ http://localhost:4173/:0
[ 1854533ms] [ERROR] Failed to load resource: net::ERR_CONNECTION_REFUSED @ http://localhost:4173/:0
[ 1855536ms] [ERROR] Failed to load resource: net::ERR_CONNECTION_REFUSED @ http://localhost:4173/:0
[ 1856540ms] [ERROR] Failed to load resource: net::ERR_CONNECTION_REFUSED @ http://localhost:4173/:0
[ 1857543ms] [ERROR] Failed to load resource: net::ERR_CONNECTION_REFUSED @ http://localhost:4173/:0
[ 1858546ms] [ERROR] Failed to load resource: net::ERR_CONNECTION_REFUSED @ http://localhost:4173/:0
[ 1859551ms] [ERROR] Failed to load resource: net::ERR_CONNECTION_REFUSED @ http://localhost:4173/:0
[ 1860554ms] [ERROR] Failed to load resource: net::ERR_CONNECTION_REFUSED @ http://localhost:4173/:0
[ 1861559ms] [ERROR] Failed to load resource: net::ERR_CONNECTION_REFUSED @ http://localhost:4173/:0
[ 1862563ms] [ERROR] Failed to load resource: net::ERR_CONNECTION_REFUSED @ http://localhost:4173/:0
[ 1863566ms] [ERROR] Failed to load resource: net::ERR_CONNECTION_REFUSED @ http://localhost:4173/:0
[ 1864569ms] [ERROR] Failed to load resource: net::ERR_CONNECTION_REFUSED @ http://localhost:4173/:0
[ 1865572ms] [ERROR] Failed to load resource: net::ERR_CONNECTION_REFUSED @ http://localhost:4173/:0
[ 1866575ms] [ERROR] Failed to load resource: net::ERR_CONNECTION_REFUSED @ http://localhost:4173/:0
[ 1867577ms] [ERROR] Failed to load resource: net::ERR_CONNECTION_REFUSED @ http://localhost:4173/:0
[ 1868582ms] [ERROR] Failed to load resource: net::ERR_CONNECTION_REFUSED @ http://localhost:4173/:0
[ 1869587ms] [ERROR] Failed to load resource: net::ERR_CONNECTION_REFUSED @ http://localhost:4173/:0
[ 1870591ms] [ERROR] Failed to load resource: net::ERR_CONNECTION_REFUSED @ http://localhost:4173/:0
[ 1871594ms] [ERROR] Failed to load resource: net::ERR_CONNECTION_REFUSED @ http://localhost:4173/:0
[ 1872600ms] [ERROR] Failed to load resource: net::ERR_CONNECTION_REFUSED @ http://localhost:4173/:0
[ 1873603ms] [ERROR] Failed to load resource: net::ERR_CONNECTION_REFUSED @ http://localhost:4173/:0
[ 1874605ms] [ERROR] Failed to load resource: net::ERR_CONNECTION_REFUSED @ http://localhost:4173/:0
[ 1875611ms] [ERROR] Failed to load resource: net::ERR_CONNECTION_REFUSED @ http://localhost:4173/:0
[ 1876613ms] [ERROR] Failed to load resource: net::ERR_CONNECTION_REFUSED @ http://localhost:4173/:0
[ 1877616ms] [ERROR] Failed to load resource: net::ERR_CONNECTION_REFUSED @ http://localhost:4173/:0
[ 1878618ms] [ERROR] Failed to load resource: net::ERR_CONNECTION_REFUSED @ http://localhost:4173/:0
[ 1879621ms] [ERROR] Failed to load resource: net::ERR_CONNECTION_REFUSED @ http://localhost:4173/:0
[ 1880624ms] [ERROR] Failed to load resource: net::ERR_CONNECTION_REFUSED @ http://localhost:4173/:0
[ 1881628ms] [ERROR] Failed to load resource: net::ERR_CONNECTION_REFUSED @ http://localhost:4173/:0
[ 1882631ms] [ERROR] Failed to load resource: net::ERR_CONNECTION_REFUSED @ http://localhost:4173/:0
[ 1883634ms] [ERROR] Failed to load resource: net::ERR_CONNECTION_REFUSED @ http://localhost:4173/:0
[ 1884637ms] [ERROR] Failed to load resource: net::ERR_CONNECTION_REFUSED @ http://localhost:4173/:0
[ 1885641ms] [ERROR] Failed to load resource: net::ERR_CONNECTION_REFUSED @ http://localhost:4173/:0
[ 1886645ms] [ERROR] Failed to load resource: net::ERR_CONNECTION_REFUSED @ http://localhost:4173/:0
[ 1887648ms] [ERROR] Failed to load resource: net::ERR_CONNECTION_REFUSED @ http://localhost:4173/:0
[ 1888653ms] [ERROR] Failed to load resource: net::ERR_CONNECTION_REFUSED @ http://localhost:4173/:0
[ 1889656ms] [ERROR] Failed to load resource: net::ERR_CONNECTION_REFUSED @ http://localhost:4173/:0
[ 1890661ms] [ERROR] Failed to load resource: net::ERR_CONNECTION_REFUSED @ http://localhost:4173/:0
[ 1891664ms] [ERROR] Failed to load resource: net::ERR_CONNECTION_REFUSED @ http://localhost:4173/:0
[ 1892667ms] [ERROR] Failed to load resource: net::ERR_CONNECTION_REFUSED @ http://localhost:4173/:0
[ 1893670ms] [ERROR] Failed to load resource: net::ERR_CONNECTION_REFUSED @ http://localhost:4173/:0
[ 1894673ms] [ERROR] Failed to load resource: net::ERR_CONNECTION_REFUSED @ http://localhost:4173/:0
[ 1895678ms] [ERROR] Failed to load resource: net::ERR_CONNECTION_REFUSED @ http://localhost:4173/:0
[ 1896681ms] [ERROR] Failed to load resource: net::ERR_CONNECTION_REFUSED @ http://localhost:4173/:0
[ 1897686ms] [ERROR] Failed to load resource: net::ERR_CONNECTION_REFUSED @ http://localhost:4173/:0
[ 1898690ms] [ERROR] Failed to load resource: net::ERR_CONNECTION_REFUSED @ http://localhost:4173/:0
[ 1899694ms] [ERROR] Failed to load resource: net::ERR_CONNECTION_REFUSED @ http://localhost:4173/:0
[ 1900698ms] [ERROR] Failed to load resource: net::ERR_CONNECTION_REFUSED @ http://localhost:4173/:0
[ 1901702ms] [ERROR] Failed to load resource: net::ERR_CONNECTION_REFUSED @ http://localhost:4173/:0
[ 1902708ms] [ERROR] Failed to load resource: net::ERR_CONNECTION_REFUSED @ http://localhost:4173/:0
[ 1903713ms] [ERROR] Failed to load resource: net::ERR_CONNECTION_REFUSED @ http://localhost:4173/:0
[ 1904717ms] [ERROR] Failed to load resource: net::ERR_CONNECTION_REFUSED @ http://localhost:4173/:0
[ 1905721ms] [ERROR] Failed to load resource: net::ERR_CONNECTION_REFUSED @ http://localhost:4173/:0
[ 1906725ms] [ERROR] Failed to load resource: net::ERR_CONNECTION_REFUSED @ http://localhost:4173/:0
[ 1907729ms] [ERROR] Failed to load resource: net::ERR_CONNECTION_REFUSED @ http://localhost:4173/:0
[ 1908734ms] [ERROR] Failed to load resource: net::ERR_CONNECTION_REFUSED @ http://localhost:4173/:0
[ 1909739ms] [ERROR] Failed to load resource: net::ERR_CONNECTION_REFUSED @ http://localhost:4173/:0
[ 1910743ms] [ERROR] Failed to load resource: net::ERR_CONNECTION_REFUSED @ http://localhost:4173/:0
[ 1911748ms] [ERROR] Failed to load resource: net::ERR_CONNECTION_REFUSED @ http://localhost:4173/:0
[ 1912753ms] [ERROR] Failed to load resource: net::ERR_CONNECTION_REFUSED @ http://localhost:4173/:0
[ 1913758ms] [ERROR] Failed to load resource: net::ERR_CONNECTION_REFUSED @ http://localhost:4173/:0
[ 1914762ms] [ERROR] Failed to load resource: net::ERR_CONNECTION_REFUSED @ http://localhost:4173/:0
[ 1915766ms] [ERROR] Failed to load resource: net::ERR_CONNECTION_REFUSED @ http://localhost:4173/:0
[ 1916771ms] [ERROR] Failed to load resource: net::ERR_CONNECTION_REFUSED @ http://localhost:4173/:0
[ 1917776ms] [ERROR] Failed to load resource: net::ERR_CONNECTION_REFUSED @ http://localhost:4173/:0
[ 1918780ms] [ERROR] Failed to load resource: net::ERR_CONNECTION_REFUSED @ http://localhost:4173/:0
[ 1919783ms] [ERROR] Failed to load resource: net::ERR_CONNECTION_REFUSED @ http://localhost:4173/:0
[ 1920787ms] [ERROR] Failed to load resource: net::ERR_CONNECTION_REFUSED @ http://localhost:4173/:0
[ 1921790ms] [ERROR] Failed to load resource: net::ERR_CONNECTION_REFUSED @ http://localhost:4173/:0
[ 1922795ms] [ERROR] Failed to load resource: net::ERR_CONNECTION_REFUSED @ http://localhost:4173/:0
[ 1923800ms] [ERROR] Failed to load resource: net::ERR_CONNECTION_REFUSED @ http://localhost:4173/:0
[ 1924805ms] [ERROR] Failed to load resource: net::ERR_CONNECTION_REFUSED @ http://localhost:4173/:0
[ 1925808ms] [ERROR] Failed to load resource: net::ERR_CONNECTION_REFUSED @ http://localhost:4173/:0
[ 1926813ms] [ERROR] Failed to load resource: net::ERR_CONNECTION_REFUSED @ http://localhost:4173/:0
[ 1927817ms] [ERROR] Failed to load resource: net::ERR_CONNECTION_REFUSED @ http://localhost:4173/:0
[ 1928822ms] [ERROR] Failed to load resource: net::ERR_CONNECTION_REFUSED @ http://localhost:4173/:0
[ 1929826ms] [ERROR] Failed to load resource: net::ERR_CONNECTION_REFUSED @ http://localhost:4173/:0
[ 1930831ms] [ERROR] Failed to load resource: net::ERR_CONNECTION_REFUSED @ http://localhost:4173/:0
[ 1931834ms] [ERROR] Failed to load resource: net::ERR_CONNECTION_REFUSED @ http://localhost:4173/:0
[ 1932839ms] [ERROR] Failed to load resource: net::ERR_CONNECTION_REFUSED @ http://localhost:4173/:0
[ 1933843ms] [ERROR] Failed to load resource: net::ERR_CONNECTION_REFUSED @ http://localhost:4173/:0
[ 1934849ms] [ERROR] Failed to load resource: net::ERR_CONNECTION_REFUSED @ http://localhost:4173/:0
[ 1935852ms] [ERROR] Failed to load resource: net::ERR_CONNECTION_REFUSED @ http://localhost:4173/:0
[ 1936855ms] [ERROR] Failed to load resource: net::ERR_CONNECTION_REFUSED @ http://localhost:4173/:0
[ 1937859ms] [ERROR] Failed to load resource: net::ERR_CONNECTION_REFUSED @ http://localhost:4173/:0
[ 1938863ms] [ERROR] Failed to load resource: net::ERR_CONNECTION_REFUSED @ http://localhost:4173/:0
[ 1939866ms] [ERROR] Failed to load resource: net::ERR_CONNECTION_REFUSED @ http://localhost:4173/:0
[ 1940897ms] [ERROR] Failed to load resource: net::ERR_CONNECTION_REFUSED @ http://localhost:4173/:0
[ 1941901ms] [ERROR] Failed to load resource: net::ERR_CONNECTION_REFUSED @ http://localhost:4173/:0
[ 1942905ms] [ERROR] Failed to load resource: net::ERR_CONNECTION_REFUSED @ http://localhost:4173/:0
[ 1943908ms] [ERROR] Failed to load resource: net::ERR_CONNECTION_REFUSED @ http://localhost:4173/:0
[ 1944913ms] [ERROR] Failed to load resource: net::ERR_CONNECTION_REFUSED @ http://localhost:4173/:0
[ 1945917ms] [ERROR] Failed to load resource: net::ERR_CONNECTION_REFUSED @ http://localhost:4173/:0
[ 1946922ms] [ERROR] Failed to load resource: net::ERR_CONNECTION_REFUSED @ http://localhost:4173/:0
[ 1947926ms] [ERROR] Failed to load resource: net::ERR_CONNECTION_REFUSED @ http://localhost:4173/:0
[ 1948930ms] [ERROR] Failed to load resource: net::ERR_CONNECTION_REFUSED @ http://localhost:4173/:0
[ 1950084ms] [ERROR] Failed to load resource: net::ERR_CONNECTION_REFUSED @ http://localhost:4173/:0
[ 1951086ms] [ERROR] Failed to load resource: net::ERR_CONNECTION_REFUSED @ http://localhost:4173/:0
[ 1952089ms] [ERROR] Failed to load resource: net::ERR_CONNECTION_REFUSED @ http://localhost:4173/:0
[ 1953093ms] [ERROR] Failed to load resource: net::ERR_CONNECTION_REFUSED @ http://localhost:4173/:0
[ 1954098ms] [ERROR] Failed to load resource: net::ERR_CONNECTION_REFUSED @ http://localhost:4173/:0
[ 1955103ms] [ERROR] Failed to load resource: net::ERR_CONNECTION_REFUSED @ http://localhost:4173/:0
[ 1956107ms] [ERROR] Failed to load resource: net::ERR_CONNECTION_REFUSED @ http://localhost:4173/:0
[ 1957111ms] [ERROR] Failed to load resource: net::ERR_CONNECTION_REFUSED @ http://localhost:4173/:0
[ 1958114ms] [ERROR] Failed to load resource: net::ERR_CONNECTION_REFUSED @ http://localhost:4173/:0
[ 1959118ms] [ERROR] Failed to load resource: net::ERR_CONNECTION_REFUSED @ http://localhost:4173/:0
[ 1960123ms] [ERROR] Failed to load resource: net::ERR_CONNECTION_REFUSED @ http://localhost:4173/:0
[ 1961127ms] [ERROR] Failed to load resource: net::ERR_CONNECTION_REFUSED @ http://localhost:4173/:0
[ 1962129ms] [ERROR] Failed to load resource: net::ERR_CONNECTION_REFUSED @ http://localhost:4173/:0
[ 1963132ms] [ERROR] Failed to load resource: net::ERR_CONNECTION_REFUSED @ http://localhost:4173/:0
[ 1964136ms] [ERROR] Failed to load resource: net::ERR_CONNECTION_REFUSED @ http://localhost:4173/:0
[ 1965140ms] [ERROR] Failed to load resource: net::ERR_CONNECTION_REFUSED @ http://localhost:4173/:0
[ 1966144ms] [ERROR] Failed to load resource: net::ERR_CONNECTION_REFUSED @ http://localhost:4173/:0
[ 1967148ms] [ERROR] Failed to load resource: net::ERR_CONNECTION_REFUSED @ http://localhost:4173/:0
[ 1968150ms] [ERROR] Failed to load resource: net::ERR_CONNECTION_REFUSED @ http://localhost:4173/:0
[ 1969155ms] [ERROR] Failed to load resource: net::ERR_CONNECTION_REFUSED @ http://localhost:4173/:0
[ 1970160ms] [ERROR] Failed to load resource: net::ERR_CONNECTION_REFUSED @ http://localhost:4173/:0
[ 1971165ms] [ERROR] Failed to load resource: net::ERR_CONNECTION_REFUSED @ http://localhost:4173/:0
[ 1972168ms] [ERROR] Failed to load resource: net::ERR_CONNECTION_REFUSED @ http://localhost:4173/:0
[ 1973173ms] [ERROR] Failed to load resource: net::ERR_CONNECTION_REFUSED @ http://localhost:4173/:0
[ 1974177ms] [ERROR] Failed to load resource: net::ERR_CONNECTION_REFUSED @ http://localhost:4173/:0
[ 1975181ms] [ERROR] Failed to load resource: net::ERR_CONNECTION_REFUSED @ http://localhost:4173/:0
[ 1976185ms] [ERROR] Failed to load resource: net::ERR_CONNECTION_REFUSED @ http://localhost:4173/:0
[ 1977188ms] [ERROR] Failed to load resource: net::ERR_CONNECTION_REFUSED @ http://localhost:4173/:0
[ 1978192ms] [ERROR] Failed to load resource: net::ERR_CONNECTION_REFUSED @ http://localhost:4173/:0
[ 1979195ms] [ERROR] Failed to load resource: net::ERR_CONNECTION_REFUSED @ http://localhost:4173/:0
[ 1980198ms] [ERROR] Failed to load resource: net::ERR_CONNECTION_REFUSED @ http://localhost:4173/:0
[ 1981202ms] [ERROR] Failed to load resource: net::ERR_CONNECTION_REFUSED @ http://localhost:4173/:0
[ 1982205ms] [ERROR] Failed to load resource: net::ERR_CONNECTION_REFUSED @ http://localhost:4173/:0
[ 1983209ms] [ERROR] Failed to load resource: net::ERR_CONNECTION_REFUSED @ http://localhost:4173/:0
[ 1984212ms] [ERROR] Failed to load resource: net::ERR_CONNECTION_REFUSED @ http://localhost:4173/:0
[ 1985215ms] [ERROR] Failed to load resource: net::ERR_CONNECTION_REFUSED @ http://localhost:4173/:0
[ 1986218ms] [ERROR] Failed to load resource: net::ERR_CONNECTION_REFUSED @ http://localhost:4173/:0
[ 1987221ms] [ERROR] Failed to load resource: net::ERR_CONNECTION_REFUSED @ http://localhost:4173/:0
[ 1988225ms] [ERROR] Failed to load resource: net::ERR_CONNECTION_REFUSED @ http://localhost:4173/:0
[ 1989228ms] [ERROR] Failed to load resource: net::ERR_CONNECTION_REFUSED @ http://localhost:4173/:0
[ 1990232ms] [ERROR] Failed to load resource: net::ERR_CONNECTION_REFUSED @ http://localhost:4173/:0
[ 1991236ms] [ERROR] Failed to load resource: net::ERR_CONNECTION_REFUSED @ http://localhost:4173/:0
[ 1992239ms] [ERROR] Failed to load resource: net::ERR_CONNECTION_REFUSED @ http://localhost:4173/:0
[ 1993242ms] [ERROR] Failed to load resource: net::ERR_CONNECTION_REFUSED @ http://localhost:4173/:0
[ 1994247ms] [ERROR] Failed to load resource: net::ERR_CONNECTION_REFUSED @ http://localhost:4173/:0
[ 1995251ms] [ERROR] Failed to load resource: net::ERR_CONNECTION_REFUSED @ http://localhost:4173/:0
[ 1996256ms] [ERROR] Failed to load resource: net::ERR_CONNECTION_REFUSED @ http://localhost:4173/:0
[ 1997259ms] [ERROR] Failed to load resource: net::ERR_CONNECTION_REFUSED @ http://localhost:4173/:0
[ 1998262ms] [ERROR] Failed to load resource: net::ERR_CONNECTION_REFUSED @ http://localhost:4173/:0
[ 1999269ms] [ERROR] Failed to load resource: net::ERR_CONNECTION_REFUSED @ http://localhost:4173/:0
[ 2000273ms] [ERROR] Failed to load resource: net::ERR_CONNECTION_REFUSED @ http://localhost:4173/:0
[ 2001277ms] [ERROR] Failed to load resource: net::ERR_CONNECTION_REFUSED @ http://localhost:4173/:0
[ 2002280ms] [ERROR] Failed to load resource: net::ERR_CONNECTION_REFUSED @ http://localhost:4173/:0
[ 2003285ms] [ERROR] Failed to load resource: net::ERR_CONNECTION_REFUSED @ http://localhost:4173/:0
[ 2004289ms] [ERROR] Failed to load resource: net::ERR_CONNECTION_REFUSED @ http://localhost:4173/:0
[ 2005293ms] [ERROR] Failed to load resource: net::ERR_CONNECTION_REFUSED @ http://localhost:4173/:0
[ 2006297ms] [ERROR] Failed to load resource: net::ERR_CONNECTION_REFUSED @ http://localhost:4173/:0
[ 2007301ms] [ERROR] Failed to load resource: net::ERR_CONNECTION_REFUSED @ http://localhost:4173/:0
[ 2008305ms] [ERROR] Failed to load resource: net::ERR_CONNECTION_REFUSED @ http://localhost:4173/:0
[ 2009310ms] [ERROR] Failed to load resource: net::ERR_CONNECTION_REFUSED @ http://localhost:4173/:0
[ 2010315ms] [ERROR] Failed to load resource: net::ERR_CONNECTION_REFUSED @ http://localhost:4173/:0
[ 2011319ms] [ERROR] Failed to load resource: net::ERR_CONNECTION_REFUSED @ http://localhost:4173/:0
[ 2012322ms] [ERROR] Failed to load resource: net::ERR_CONNECTION_REFUSED @ http://localhost:4173/:0
[ 2013326ms] [ERROR] Failed to load resource: net::ERR_CONNECTION_REFUSED @ http://localhost:4173/:0
[ 2014329ms] [ERROR] Failed to load resource: net::ERR_CONNECTION_REFUSED @ http://localhost:4173/:0
[ 2015332ms] [ERROR] Failed to load resource: net::ERR_CONNECTION_REFUSED @ http://localhost:4173/:0
[ 2016338ms] [ERROR] Failed to load resource: net::ERR_CONNECTION_REFUSED @ http://localhost:4173/:0
[ 2017341ms] [ERROR] Failed to load resource: net::ERR_CONNECTION_REFUSED @ http://localhost:4173/:0
[ 2018345ms] [ERROR] Failed to load resource: net::ERR_CONNECTION_REFUSED @ http://localhost:4173/:0
[ 2019355ms] [ERROR] Failed to load resource: net::ERR_CONNECTION_REFUSED @ http://localhost:4173/:0
[ 2020359ms] [ERROR] Failed to load resource: net::ERR_CONNECTION_REFUSED @ http://localhost:4173/:0
[ 2021363ms] [ERROR] Failed to load resource: net::ERR_CONNECTION_REFUSED @ http://localhost:4173/:0
[ 2022367ms] [ERROR] Failed to load resource: net::ERR_CONNECTION_REFUSED @ http://localhost:4173/:0
[ 2023369ms] [ERROR] Failed to load resource: net::ERR_CONNECTION_REFUSED @ http://localhost:4173/:0
[ 2024373ms] [ERROR] Failed to load resource: net::ERR_CONNECTION_REFUSED @ http://localhost:4173/:0
[ 2025376ms] [ERROR] Failed to load resource: net::ERR_CONNECTION_REFUSED @ http://localhost:4173/:0
[ 2026379ms] [ERROR] Failed to load resource: net::ERR_CONNECTION_REFUSED @ http://localhost:4173/:0
[ 2027384ms] [ERROR] Failed to load resource: net::ERR_CONNECTION_REFUSED @ http://localhost:4173/:0
[ 2028388ms] [ERROR] Failed to load resource: net::ERR_CONNECTION_REFUSED @ http://localhost:4173/:0
[ 2029391ms] [ERROR] Failed to load resource: net::ERR_CONNECTION_REFUSED @ http://localhost:4173/:0
[ 2030394ms] [ERROR] Failed to load resource: net::ERR_CONNECTION_REFUSED @ http://localhost:4173/:0
[ 2031398ms] [ERROR] Failed to load resource: net::ERR_CONNECTION_REFUSED @ http://localhost:4173/:0
[ 2032402ms] [ERROR] Failed to load resource: net::ERR_CONNECTION_REFUSED @ http://localhost:4173/:0
[ 2033406ms] [ERROR] Failed to load resource: net::ERR_CONNECTION_REFUSED @ http://localhost:4173/:0
[ 2034410ms] [ERROR] Failed to load resource: net::ERR_CONNECTION_REFUSED @ http://localhost:4173/:0
[ 2035416ms] [ERROR] Failed to load resource: net::ERR_CONNECTION_REFUSED @ http://localhost:4173/:0
[ 2036423ms] [ERROR] Failed to load resource: net::ERR_CONNECTION_REFUSED @ http://localhost:4173/:0
[ 2037427ms] [ERROR] Failed to load resource: net::ERR_CONNECTION_REFUSED @ http://localhost:4173/:0
[ 2038431ms] [ERROR] Failed to load resource: net::ERR_CONNECTION_REFUSED @ http://localhost:4173/:0
[ 2039438ms] [ERROR] Failed to load resource: net::ERR_CONNECTION_REFUSED @ http://localhost:4173/:0
[ 2040443ms] [ERROR] Failed to load resource: net::ERR_CONNECTION_REFUSED @ http://localhost:4173/:0
[ 2041447ms] [ERROR] Failed to load resource: net::ERR_CONNECTION_REFUSED @ http://localhost:4173/:0
[ 2042451ms] [ERROR] Failed to load resource: net::ERR_CONNECTION_REFUSED @ http://localhost:4173/:0
[ 2043461ms] [ERROR] Failed to load resource: net::ERR_CONNECTION_REFUSED @ http://localhost:4173/:0
[ 2044464ms] [ERROR] Failed to load resource: net::ERR_CONNECTION_REFUSED @ http://localhost:4173/:0
[ 2045467ms] [ERROR] Failed to load resource: net::ERR_CONNECTION_REFUSED @ http://localhost:4173/:0
[ 2046471ms] [ERROR] Failed to load resource: net::ERR_CONNECTION_REFUSED @ http://localhost:4173/:0
[ 2047474ms] [ERROR] Failed to load resource: net::ERR_CONNECTION_REFUSED @ http://localhost:4173/:0
[ 2048480ms] [ERROR] Failed to load resource: net::ERR_CONNECTION_REFUSED @ http://localhost:4173/:0
[ 2049483ms] [ERROR] Failed to load resource: net::ERR_CONNECTION_REFUSED @ http://localhost:4173/:0
[ 2050486ms] [ERROR] Failed to load resource: net::ERR_CONNECTION_REFUSED @ http://localhost:4173/:0
[ 2051490ms] [ERROR] Failed to load resource: net::ERR_CONNECTION_REFUSED @ http://localhost:4173/:0
[ 2052493ms] [ERROR] Failed to load resource: net::ERR_CONNECTION_REFUSED @ http://localhost:4173/:0
[ 2053501ms] [ERROR] Failed to load resource: net::ERR_CONNECTION_REFUSED @ http://localhost:4173/:0
[ 2054509ms] [ERROR] Failed to load resource: net::ERR_CONNECTION_REFUSED @ http://localhost:4173/:0
[ 2055515ms] [ERROR] Failed to load resource: net::ERR_CONNECTION_REFUSED @ http://localhost:4173/:0
[ 2056519ms] [ERROR] Failed to load resource: net::ERR_CONNECTION_REFUSED @ http://localhost:4173/:0
[ 2057522ms] [ERROR] Failed to load resource: net::ERR_CONNECTION_REFUSED @ http://localhost:4173/:0
[ 2058527ms] [ERROR] Failed to load resource: net::ERR_CONNECTION_REFUSED @ http://localhost:4173/:0
[ 2059529ms] [ERROR] Failed to load resource: net::ERR_CONNECTION_REFUSED @ http://localhost:4173/:0
[ 2060533ms] [ERROR] Failed to load resource: net::ERR_CONNECTION_REFUSED @ http://localhost:4173/:0
[ 2061536ms] [ERROR] Failed to load resource: net::ERR_CONNECTION_REFUSED @ http://localhost:4173/:0
[ 2062540ms] [ERROR] Failed to load resource: net::ERR_CONNECTION_REFUSED @ http://localhost:4173/:0
[ 2063544ms] [ERROR] Failed to load resource: net::ERR_CONNECTION_REFUSED @ http://localhost:4173/:0
[ 2064549ms] [ERROR] Failed to load resource: net::ERR_CONNECTION_REFUSED @ http://localhost:4173/:0
[ 2065552ms] [ERROR] Failed to load resource: net::ERR_CONNECTION_REFUSED @ http://localhost:4173/:0
[ 2066556ms] [ERROR] Failed to load resource: net::ERR_CONNECTION_REFUSED @ http://localhost:4173/:0
[ 2067559ms] [ERROR] Failed to load resource: net::ERR_CONNECTION_REFUSED @ http://localhost:4173/:0
[ 2068563ms] [ERROR] Failed to load resource: net::ERR_CONNECTION_REFUSED @ http://localhost:4173/:0
[ 2069566ms] [ERROR] Failed to load resource: net::ERR_CONNECTION_REFUSED @ http://localhost:4173/:0
[ 2070570ms] [ERROR] Failed to load resource: net::ERR_CONNECTION_REFUSED @ http://localhost:4173/:0
[ 2071575ms] [ERROR] Failed to load resource: net::ERR_CONNECTION_REFUSED @ http://localhost:4173/:0
[ 2072579ms] [ERROR] Failed to load resource: net::ERR_CONNECTION_REFUSED @ http://localhost:4173/:0
[ 2073582ms] [ERROR] Failed to load resource: net::ERR_CONNECTION_REFUSED @ http://localhost:4173/:0
[ 2074588ms] [ERROR] Failed to load resource: net::ERR_CONNECTION_REFUSED @ http://localhost:4173/:0
[ 2075593ms] [ERROR] Failed to load resource: net::ERR_CONNECTION_REFUSED @ http://localhost:4173/:0
[ 2076598ms] [ERROR] Failed to load resource: net::ERR_CONNECTION_REFUSED @ http://localhost:4173/:0
[ 2077603ms] [ERROR] Failed to load resource: net::ERR_CONNECTION_REFUSED @ http://localhost:4173/:0
[ 2078607ms] [ERROR] Failed to load resource: net::ERR_CONNECTION_REFUSED @ http://localhost:4173/:0
[ 2079609ms] [ERROR] Failed to load resource: net::ERR_CONNECTION_REFUSED @ http://localhost:4173/:0
[ 2080614ms] [ERROR] Failed to load resource: net::ERR_CONNECTION_REFUSED @ http://localhost:4173/:0
[ 2081617ms] [ERROR] Failed to load resource: net::ERR_CONNECTION_REFUSED @ http://localhost:4173/:0
[ 2082620ms] [ERROR] Failed to load resource: net::ERR_CONNECTION_REFUSED @ http://localhost:4173/:0
[ 2083625ms] [ERROR] Failed to load resource: net::ERR_CONNECTION_REFUSED @ http://localhost:4173/:0
[ 2084628ms] [ERROR] Failed to load resource: net::ERR_CONNECTION_REFUSED @ http://localhost:4173/:0
[ 2085631ms] [ERROR] Failed to load resource: net::ERR_CONNECTION_REFUSED @ http://localhost:4173/:0
[ 2086635ms] [ERROR] Failed to load resource: net::ERR_CONNECTION_REFUSED @ http://localhost:4173/:0
[ 2087638ms] [ERROR] Failed to load resource: net::ERR_CONNECTION_REFUSED @ http://localhost:4173/:0
[ 2088641ms] [ERROR] Failed to load resource: net::ERR_CONNECTION_REFUSED @ http://localhost:4173/:0
[ 2089645ms] [ERROR] Failed to load resource: net::ERR_CONNECTION_REFUSED @ http://localhost:4173/:0
[ 2090648ms] [ERROR] Failed to load resource: net::ERR_CONNECTION_REFUSED @ http://localhost:4173/:0
[ 2091651ms] [ERROR] Failed to load resource: net::ERR_CONNECTION_REFUSED @ http://localhost:4173/:0
[ 2092655ms] [ERROR] Failed to load resource: net::ERR_CONNECTION_REFUSED @ http://localhost:4173/:0
[ 2093658ms] [ERROR] Failed to load resource: net::ERR_CONNECTION_REFUSED @ http://localhost:4173/:0
[ 2094665ms] [ERROR] Failed to load resource: net::ERR_CONNECTION_REFUSED @ http://localhost:4173/:0
[ 2095668ms] [ERROR] Failed to load resource: net::ERR_CONNECTION_REFUSED @ http://localhost:4173/:0
[ 2096672ms] [ERROR] Failed to load resource: net::ERR_CONNECTION_REFUSED @ http://localhost:4173/:0
[ 2097680ms] [ERROR] Failed to load resource: net::ERR_CONNECTION_REFUSED @ http://localhost:4173/:0
[ 2098683ms] [ERROR] Failed to load resource: net::ERR_CONNECTION_REFUSED @ http://localhost:4173/:0
[ 2099687ms] [ERROR] Failed to load resource: net::ERR_CONNECTION_REFUSED @ http://localhost:4173/:0
[ 2100689ms] [ERROR] Failed to load resource: net::ERR_CONNECTION_REFUSED @ http://localhost:4173/:0
[ 2101693ms] [ERROR] Failed to load resource: net::ERR_CONNECTION_REFUSED @ http://localhost:4173/:0
[ 2102698ms] [ERROR] Failed to load resource: net::ERR_CONNECTION_REFUSED @ http://localhost:4173/:0
[ 2103701ms] [ERROR] Failed to load resource: net::ERR_CONNECTION_REFUSED @ http://localhost:4173/:0
[ 2104705ms] [ERROR] Failed to load resource: net::ERR_CONNECTION_REFUSED @ http://localhost:4173/:0
[ 2105708ms] [ERROR] Failed to load resource: net::ERR_CONNECTION_REFUSED @ http://localhost:4173/:0
[ 2106711ms] [ERROR] Failed to load resource: net::ERR_CONNECTION_REFUSED @ http://localhost:4173/:0
[ 2107715ms] [ERROR] Failed to load resource: net::ERR_CONNECTION_REFUSED @ http://localhost:4173/:0
[ 2108718ms] [ERROR] Failed to load resource: net::ERR_CONNECTION_REFUSED @ http://localhost:4173/:0
[ 2109721ms] [ERROR] Failed to load resource: net::ERR_CONNECTION_REFUSED @ http://localhost:4173/:0
[ 2110725ms] [ERROR] Failed to load resource: net::ERR_CONNECTION_REFUSED @ http://localhost:4173/:0
[ 2111731ms] [ERROR] Failed to load resource: net::ERR_CONNECTION_REFUSED @ http://localhost:4173/:0
[ 2112734ms] [ERROR] Failed to load resource: net::ERR_CONNECTION_REFUSED @ http://localhost:4173/:0
[ 2113738ms] [ERROR] Failed to load resource: net::ERR_CONNECTION_REFUSED @ http://localhost:4173/:0
[ 2114741ms] [ERROR] Failed to load resource: net::ERR_CONNECTION_REFUSED @ http://localhost:4173/:0
[ 2115744ms] [ERROR] Failed to load resource: net::ERR_CONNECTION_REFUSED @ http://localhost:4173/:0
[ 2116748ms] [ERROR] Failed to load resource: net::ERR_CONNECTION_REFUSED @ http://localhost:4173/:0
[ 2117751ms] [ERROR] Failed to load resource: net::ERR_CONNECTION_REFUSED @ http://localhost:4173/:0
[ 2118754ms] [ERROR] Failed to load resource: net::ERR_CONNECTION_REFUSED @ http://localhost:4173/:0
[ 2119759ms] [ERROR] Failed to load resource: net::ERR_CONNECTION_REFUSED @ http://localhost:4173/:0
[ 2120762ms] [ERROR] Failed to load resource: net::ERR_CONNECTION_REFUSED @ http://localhost:4173/:0
[ 2121768ms] [ERROR] Failed to load resource: net::ERR_CONNECTION_REFUSED @ http://localhost:4173/:0
[ 2122773ms] [ERROR] Failed to load resource: net::ERR_CONNECTION_REFUSED @ http://localhost:4173/:0
[ 2123779ms] [ERROR] Failed to load resource: net::ERR_CONNECTION_REFUSED @ http://localhost:4173/:0
[ 2124783ms] [ERROR] Failed to load resource: net::ERR_CONNECTION_REFUSED @ http://localhost:4173/:0
[ 2125787ms] [ERROR] Failed to load resource: net::ERR_CONNECTION_REFUSED @ http://localhost:4173/:0
[ 2126791ms] [ERROR] Failed to load resource: net::ERR_CONNECTION_REFUSED @ http://localhost:4173/:0
[ 2127795ms] [ERROR] Failed to load resource: net::ERR_CONNECTION_REFUSED @ http://localhost:4173/:0
[ 2128798ms] [ERROR] Failed to load resource: net::ERR_CONNECTION_REFUSED @ http://localhost:4173/:0
[ 2129803ms] [ERROR] Failed to load resource: net::ERR_CONNECTION_REFUSED @ http://localhost:4173/:0
[ 2130807ms] [ERROR] Failed to load resource: net::ERR_CONNECTION_REFUSED @ http://localhost:4173/:0
[ 2131810ms] [ERROR] Failed to load resource: net::ERR_CONNECTION_REFUSED @ http://localhost:4173/:0
[ 2132814ms] [ERROR] Failed to load resource: net::ERR_CONNECTION_REFUSED @ http://localhost:4173/:0
[ 2133817ms] [ERROR] Failed to load resource: net::ERR_CONNECTION_REFUSED @ http://localhost:4173/:0
[ 2134820ms] [ERROR] Failed to load resource: net::ERR_CONNECTION_REFUSED @ http://localhost:4173/:0
[ 2135826ms] [ERROR] Failed to load resource: net::ERR_CONNECTION_REFUSED @ http://localhost:4173/:0
[ 2136830ms] [ERROR] Failed to load resource: net::ERR_CONNECTION_REFUSED @ http://localhost:4173/:0
[ 2137834ms] [ERROR] Failed to load resource: net::ERR_CONNECTION_REFUSED @ http://localhost:4173/:0
[ 2138838ms] [ERROR] Failed to load resource: net::ERR_CONNECTION_REFUSED @ http://localhost:4173/:0
[ 2139842ms] [ERROR] Failed to load resource: net::ERR_CONNECTION_REFUSED @ http://localhost:4173/:0
[ 2140846ms] [ERROR] Failed to load resource: net::ERR_CONNECTION_REFUSED @ http://localhost:4173/:0
[ 2141850ms] [ERROR] Failed to load resource: net::ERR_CONNECTION_REFUSED @ http://localhost:4173/:0
[ 2142855ms] [ERROR] Failed to load resource: net::ERR_CONNECTION_REFUSED @ http://localhost:4173/:0
[ 2143860ms] [ERROR] Failed to load resource: net::ERR_CONNECTION_REFUSED @ http://localhost:4173/:0
[ 2144864ms] [ERROR] Failed to load resource: net::ERR_CONNECTION_REFUSED @ http://localhost:4173/:0
[ 2145868ms] [ERROR] Failed to load resource: net::ERR_CONNECTION_REFUSED @ http://localhost:4173/:0
[ 2146872ms] [ERROR] Failed to load resource: net::ERR_CONNECTION_REFUSED @ http://localhost:4173/:0
[ 2147876ms] [ERROR] Failed to load resource: net::ERR_CONNECTION_REFUSED @ http://localhost:4173/:0
[ 2148878ms] [ERROR] Failed to load resource: net::ERR_CONNECTION_REFUSED @ http://localhost:4173/:0
[ 2149883ms] [ERROR] Failed to load resource: net::ERR_CONNECTION_REFUSED @ http://localhost:4173/:0
[ 2150887ms] [ERROR] Failed to load resource: net::ERR_CONNECTION_REFUSED @ http://localhost:4173/:0
[ 2151891ms] [ERROR] Failed to load resource: net::ERR_CONNECTION_REFUSED @ http://localhost:4173/:0
[ 2152896ms] [ERROR] Failed to load resource: net::ERR_CONNECTION_REFUSED @ http://localhost:4173/:0
[ 2153901ms] [ERROR] Failed to load resource: net::ERR_CONNECTION_REFUSED @ http://localhost:4173/:0
[ 2154905ms] [ERROR] Failed to load resource: net::ERR_CONNECTION_REFUSED @ http://localhost:4173/:0
[ 2155909ms] [ERROR] Failed to load resource: net::ERR_CONNECTION_REFUSED @ http://localhost:4173/:0
[ 2156913ms] [ERROR] Failed to load resource: net::ERR_CONNECTION_REFUSED @ http://localhost:4173/:0
[ 2157916ms] [ERROR] Failed to load resource: net::ERR_CONNECTION_REFUSED @ http://localhost:4173/:0
[ 2158920ms] [ERROR] Failed to load resource: net::ERR_CONNECTION_REFUSED @ http://localhost:4173/:0
[ 2159924ms] [ERROR] Failed to load resource: net::ERR_CONNECTION_REFUSED @ http://localhost:4173/:0
[ 2160928ms] [ERROR] Failed to load resource: net::ERR_CONNECTION_REFUSED @ http://localhost:4173/:0
[ 2161933ms] [ERROR] Failed to load resource: net::ERR_CONNECTION_REFUSED @ http://localhost:4173/:0
[ 2162935ms] [ERROR] Failed to load resource: net::ERR_CONNECTION_REFUSED @ http://localhost:4173/:0
[ 2163939ms] [ERROR] Failed to load resource: net::ERR_CONNECTION_REFUSED @ http://localhost:4173/:0
[ 2164948ms] [ERROR] Failed to load resource: net::ERR_CONNECTION_REFUSED @ http://localhost:4173/:0
[ 2165951ms] [ERROR] Failed to load resource: net::ERR_CONNECTION_REFUSED @ http://localhost:4173/:0
[ 2166955ms] [ERROR] Failed to load resource: net::ERR_CONNECTION_REFUSED @ http://localhost:4173/:0
[ 2167960ms] [ERROR] Failed to load resource: net::ERR_CONNECTION_REFUSED @ http://localhost:4173/:0
[ 2168964ms] [ERROR] Failed to load resource: net::ERR_CONNECTION_REFUSED @ http://localhost:4173/:0
[ 2169968ms] [ERROR] Failed to load resource: net::ERR_CONNECTION_REFUSED @ http://localhost:4173/:0
[ 2170972ms] [ERROR] Failed to load resource: net::ERR_CONNECTION_REFUSED @ http://localhost:4173/:0
[ 2171977ms] [ERROR] Failed to load resource: net::ERR_CONNECTION_REFUSED @ http://localhost:4173/:0
[ 2172981ms] [ERROR] Failed to load resource: net::ERR_CONNECTION_REFUSED @ http://localhost:4173/:0
[ 2173985ms] [ERROR] Failed to load resource: net::ERR_CONNECTION_REFUSED @ http://localhost:4173/:0
[ 2174990ms] [ERROR] Failed to load resource: net::ERR_CONNECTION_REFUSED @ http://localhost:4173/:0
[ 2175993ms] [ERROR] Failed to load resource: net::ERR_CONNECTION_REFUSED @ http://localhost:4173/:0
[ 2176997ms] [ERROR] Failed to load resource: net::ERR_CONNECTION_REFUSED @ http://localhost:4173/:0
[ 2178001ms] [ERROR] Failed to load resource: net::ERR_CONNECTION_REFUSED @ http://localhost:4173/:0
[ 2179006ms] [ERROR] Failed to load resource: net::ERR_CONNECTION_REFUSED @ http://localhost:4173/:0
[ 2180011ms] [ERROR] Failed to load resource: net::ERR_CONNECTION_REFUSED @ http://localhost:4173/:0
[ 2181016ms] [ERROR] Failed to load resource: net::ERR_CONNECTION_REFUSED @ http://localhost:4173/:0
[ 2182021ms] [ERROR] Failed to load resource: net::ERR_CONNECTION_REFUSED @ http://localhost:4173/:0
[ 2183024ms] [ERROR] Failed to load resource: net::ERR_CONNECTION_REFUSED @ http://localhost:4173/:0
[ 2184028ms] [ERROR] Failed to load resource: net::ERR_CONNECTION_REFUSED @ http://localhost:4173/:0
[ 2185032ms] [ERROR] Failed to load resource: net::ERR_CONNECTION_REFUSED @ http://localhost:4173/:0
[ 2186036ms] [ERROR] Failed to load resource: net::ERR_CONNECTION_REFUSED @ http://localhost:4173/:0
[ 2187040ms] [ERROR] Failed to load resource: net::ERR_CONNECTION_REFUSED @ http://localhost:4173/:0
[ 2188046ms] [ERROR] Failed to load resource: net::ERR_CONNECTION_REFUSED @ http://localhost:4173/:0
[ 2189049ms] [ERROR] Failed to load resource: net::ERR_CONNECTION_REFUSED @ http://localhost:4173/:0
[ 2190053ms] [ERROR] Failed to load resource: net::ERR_CONNECTION_REFUSED @ http://localhost:4173/:0
[ 2191056ms] [ERROR] Failed to load resource: net::ERR_CONNECTION_REFUSED @ http://localhost:4173/:0
[ 2192059ms] [ERROR] Failed to load resource: net::ERR_CONNECTION_REFUSED @ http://localhost:4173/:0
[ 2193062ms] [ERROR] Failed to load resource: net::ERR_CONNECTION_REFUSED @ http://localhost:4173/:0
[ 2194065ms] [ERROR] Failed to load resource: net::ERR_CONNECTION_REFUSED @ http://localhost:4173/:0
[ 2195067ms] [ERROR] Failed to load resource: net::ERR_CONNECTION_REFUSED @ http://localhost:4173/:0
[ 2196073ms] [ERROR] Failed to load resource: net::ERR_CONNECTION_REFUSED @ http://localhost:4173/:0
[ 2197076ms] [ERROR] Failed to load resource: net::ERR_CONNECTION_REFUSED @ http://localhost:4173/:0
[ 2198079ms] [ERROR] Failed to load resource: net::ERR_CONNECTION_REFUSED @ http://localhost:4173/:0
[ 2199082ms] [ERROR] Failed to load resource: net::ERR_CONNECTION_REFUSED @ http://localhost:4173/:0
[ 2200085ms] [ERROR] Failed to load resource: net::ERR_CONNECTION_REFUSED @ http://localhost:4173/:0
[ 2201088ms] [ERROR] Failed to load resource: net::ERR_CONNECTION_REFUSED @ http://localhost:4173/:0
[ 2202091ms] [ERROR] Failed to load resource: net::ERR_CONNECTION_REFUSED @ http://localhost:4173/:0
[ 2203095ms] [ERROR] Failed to load resource: net::ERR_CONNECTION_REFUSED @ http://localhost:4173/:0
[ 2204097ms] [ERROR] Failed to load resource: net::ERR_CONNECTION_REFUSED @ http://localhost:4173/:0
[ 2205100ms] [ERROR] Failed to load resource: net::ERR_CONNECTION_REFUSED @ http://localhost:4173/:0
[ 2206104ms] [ERROR] Failed to load resource: net::ERR_CONNECTION_REFUSED @ http://localhost:4173/:0
[ 2207109ms] [ERROR] Failed to load resource: net::ERR_CONNECTION_REFUSED @ http://localhost:4173/:0
[ 2208112ms] [ERROR] Failed to load resource: net::ERR_CONNECTION_REFUSED @ http://localhost:4173/:0
[ 2209114ms] [ERROR] Failed to load resource: net::ERR_CONNECTION_REFUSED @ http://localhost:4173/:0
[ 2210118ms] [ERROR] Failed to load resource: net::ERR_CONNECTION_REFUSED @ http://localhost:4173/:0
[ 2211120ms] [ERROR] Failed to load resource: net::ERR_CONNECTION_REFUSED @ http://localhost:4173/:0
[ 2212124ms] [ERROR] Failed to load resource: net::ERR_CONNECTION_REFUSED @ http://localhost:4173/:0
[ 2213128ms] [ERROR] Failed to load resource: net::ERR_CONNECTION_REFUSED @ http://localhost:4173/:0
[ 2214131ms] [ERROR] Failed to load resource: net::ERR_CONNECTION_REFUSED @ http://localhost:4173/:0
[ 2215135ms] [ERROR] Failed to load resource: net::ERR_CONNECTION_REFUSED @ http://localhost:4173/:0
[ 2216138ms] [ERROR] Failed to load resource: net::ERR_CONNECTION_REFUSED @ http://localhost:4173/:0
[ 2217145ms] [ERROR] Failed to load resource: net::ERR_CONNECTION_REFUSED @ http://localhost:4173/:0
[ 2218148ms] [ERROR] Failed to load resource: net::ERR_CONNECTION_REFUSED @ http://localhost:4173/:0
[ 2219152ms] [ERROR] Failed to load resource: net::ERR_CONNECTION_REFUSED @ http://localhost:4173/:0
[ 2220155ms] [ERROR] Failed to load resource: net::ERR_CONNECTION_REFUSED @ http://localhost:4173/:0
[ 2221158ms] [ERROR] Failed to load resource: net::ERR_CONNECTION_REFUSED @ http://localhost:4173/:0
[ 2222160ms] [ERROR] Failed to load resource: net::ERR_CONNECTION_REFUSED @ http://localhost:4173/:0
[ 2223165ms] [ERROR] Failed to load resource: net::ERR_CONNECTION_REFUSED @ http://localhost:4173/:0
[ 2224167ms] [ERROR] Failed to load resource: net::ERR_CONNECTION_REFUSED @ http://localhost:4173/:0
[ 2225172ms] [ERROR] Failed to load resource: net::ERR_CONNECTION_REFUSED @ http://localhost:4173/:0
[ 2226175ms] [ERROR] Failed to load resource: net::ERR_CONNECTION_REFUSED @ http://localhost:4173/:0
[ 2227177ms] [ERROR] Failed to load resource: net::ERR_CONNECTION_REFUSED @ http://localhost:4173/:0
[ 2228180ms] [ERROR] Failed to load resource: net::ERR_CONNECTION_REFUSED @ http://localhost:4173/:0
[ 2229183ms] [ERROR] Failed to load resource: net::ERR_CONNECTION_REFUSED @ http://localhost:4173/:0
[ 2230186ms] [ERROR] Failed to load resource: net::ERR_CONNECTION_REFUSED @ http://localhost:4173/:0
[ 2231190ms] [ERROR] Failed to load resource: net::ERR_CONNECTION_REFUSED @ http://localhost:4173/:0
[ 2232194ms] [ERROR] Failed to load resource: net::ERR_CONNECTION_REFUSED @ http://localhost:4173/:0
[ 2233198ms] [ERROR] Failed to load resource: net::ERR_CONNECTION_REFUSED @ http://localhost:4173/:0
[ 2234202ms] [ERROR] Failed to load resource: net::ERR_CONNECTION_REFUSED @ http://localhost:4173/:0
[ 2235206ms] [ERROR] Failed to load resource: net::ERR_CONNECTION_REFUSED @ http://localhost:4173/:0
[ 2236209ms] [ERROR] Failed to load resource: net::ERR_CONNECTION_REFUSED @ http://localhost:4173/:0
[ 2237213ms] [ERROR] Failed to load resource: net::ERR_CONNECTION_REFUSED @ http://localhost:4173/:0
[ 2238216ms] [ERROR] Failed to load resource: net::ERR_CONNECTION_REFUSED @ http://localhost:4173/:0
[ 2239220ms] [ERROR] Failed to load resource: net::ERR_CONNECTION_REFUSED @ http://localhost:4173/:0
[ 2240224ms] [ERROR] Failed to load resource: net::ERR_CONNECTION_REFUSED @ http://localhost:4173/:0
[ 2241226ms] [ERROR] Failed to load resource: net::ERR_CONNECTION_REFUSED @ http://localhost:4173/:0
[ 2242229ms] [ERROR] Failed to load resource: net::ERR_CONNECTION_REFUSED @ http://localhost:4173/:0
[ 2243233ms] [ERROR] Failed to load resource: net::ERR_CONNECTION_REFUSED @ http://localhost:4173/:0
[ 2244236ms] [ERROR] Failed to load resource: net::ERR_CONNECTION_REFUSED @ http://localhost:4173/:0
[ 2245239ms] [ERROR] Failed to load resource: net::ERR_CONNECTION_REFUSED @ http://localhost:4173/:0
[ 2246242ms] [ERROR] Failed to load resource: net::ERR_CONNECTION_REFUSED @ http://localhost:4173/:0
[ 2247246ms] [ERROR] Failed to load resource: net::ERR_CONNECTION_REFUSED @ http://localhost:4173/:0
[ 2248250ms] [ERROR] Failed to load resource: net::ERR_CONNECTION_REFUSED @ http://localhost:4173/:0
[ 2249254ms] [ERROR] Failed to load resource: net::ERR_CONNECTION_REFUSED @ http://localhost:4173/:0
[ 2250258ms] [ERROR] Failed to load resource: net::ERR_CONNECTION_REFUSED @ http://localhost:4173/:0
[ 2251262ms] [ERROR] Failed to load resource: net::ERR_CONNECTION_REFUSED @ http://localhost:4173/:0
[ 2252265ms] [ERROR] Failed to load resource: net::ERR_CONNECTION_REFUSED @ http://localhost:4173/:0
[ 2253272ms] [ERROR] Failed to load resource: net::ERR_CONNECTION_REFUSED @ http://localhost:4173/:0
[ 2254275ms] [ERROR] Failed to load resource: net::ERR_CONNECTION_REFUSED @ http://localhost:4173/:0
[ 2255278ms] [ERROR] Failed to load resource: net::ERR_CONNECTION_REFUSED @ http://localhost:4173/:0
[ 2256282ms] [ERROR] Failed to load resource: net::ERR_CONNECTION_REFUSED @ http://localhost:4173/:0
[ 2257289ms] [ERROR] Failed to load resource: net::ERR_CONNECTION_REFUSED @ http://localhost:4173/:0
[ 2258292ms] [ERROR] Failed to load resource: net::ERR_CONNECTION_REFUSED @ http://localhost:4173/:0
[ 2259296ms] [ERROR] Failed to load resource: net::ERR_CONNECTION_REFUSED @ http://localhost:4173/:0
[ 2260299ms] [ERROR] Failed to load resource: net::ERR_CONNECTION_REFUSED @ http://localhost:4173/:0
[ 2261304ms] [ERROR] Failed to load resource: net::ERR_CONNECTION_REFUSED @ http://localhost:4173/:0
[ 2262307ms] [ERROR] Failed to load resource: net::ERR_CONNECTION_REFUSED @ http://localhost:4173/:0
[ 2263312ms] [ERROR] Failed to load resource: net::ERR_CONNECTION_REFUSED @ http://localhost:4173/:0
[ 2264315ms] [ERROR] Failed to load resource: net::ERR_CONNECTION_REFUSED @ http://localhost:4173/:0
[ 2265324ms] [ERROR] Failed to load resource: net::ERR_CONNECTION_REFUSED @ http://localhost:4173/:0
[ 2266328ms] [ERROR] Failed to load resource: net::ERR_CONNECTION_REFUSED @ http://localhost:4173/:0
[ 2267331ms] [ERROR] Failed to load resource: net::ERR_CONNECTION_REFUSED @ http://localhost:4173/:0
[ 2268336ms] [ERROR] Failed to load resource: net::ERR_CONNECTION_REFUSED @ http://localhost:4173/:0
[ 2269339ms] [ERROR] Failed to load resource: net::ERR_CONNECTION_REFUSED @ http://localhost:4173/:0
[ 2270344ms] [ERROR] Failed to load resource: net::ERR_CONNECTION_REFUSED @ http://localhost:4173/:0
[ 2271348ms] [ERROR] Failed to load resource: net::ERR_CONNECTION_REFUSED @ http://localhost:4173/:0
[ 2272352ms] [ERROR] Failed to load resource: net::ERR_CONNECTION_REFUSED @ http://localhost:4173/:0
[ 2273356ms] [ERROR] Failed to load resource: net::ERR_CONNECTION_REFUSED @ http://localhost:4173/:0
[ 2274359ms] [ERROR] Failed to load resource: net::ERR_CONNECTION_REFUSED @ http://localhost:4173/:0
[ 2275362ms] [ERROR] Failed to load resource: net::ERR_CONNECTION_REFUSED @ http://localhost:4173/:0
[ 2276366ms] [ERROR] Failed to load resource: net::ERR_CONNECTION_REFUSED @ http://localhost:4173/:0
[ 2277370ms] [ERROR] Failed to load resource: net::ERR_CONNECTION_REFUSED @ http://localhost:4173/:0
[ 2278375ms] [ERROR] Failed to load resource: net::ERR_CONNECTION_REFUSED @ http://localhost:4173/:0
[ 2279378ms] [ERROR] Failed to load resource: net::ERR_CONNECTION_REFUSED @ http://localhost:4173/:0
[ 2280383ms] [ERROR] Failed to load resource: net::ERR_CONNECTION_REFUSED @ http://localhost:4173/:0
[ 2281387ms] [ERROR] Failed to load resource: net::ERR_CONNECTION_REFUSED @ http://localhost:4173/:0
[ 2282390ms] [ERROR] Failed to load resource: net::ERR_CONNECTION_REFUSED @ http://localhost:4173/:0
[ 2283395ms] [ERROR] Failed to load resource: net::ERR_CONNECTION_REFUSED @ http://localhost:4173/:0
[ 2284400ms] [ERROR] Failed to load resource: net::ERR_CONNECTION_REFUSED @ http://localhost:4173/:0
[ 2285404ms] [ERROR] Failed to load resource: net::ERR_CONNECTION_REFUSED @ http://localhost:4173/:0
[ 2286411ms] [ERROR] Failed to load resource: net::ERR_CONNECTION_REFUSED @ http://localhost:4173/:0
[ 2287416ms] [ERROR] Failed to load resource: net::ERR_CONNECTION_REFUSED @ http://localhost:4173/:0
[ 2288420ms] [ERROR] Failed to load resource: net::ERR_CONNECTION_REFUSED @ http://localhost:4173/:0
[ 2289431ms] [ERROR] Failed to load resource: net::ERR_CONNECTION_REFUSED @ http://localhost:4173/:0
[ 2290436ms] [ERROR] Failed to load resource: net::ERR_CONNECTION_REFUSED @ http://localhost:4173/:0
[ 2291441ms] [ERROR] Failed to load resource: net::ERR_CONNECTION_REFUSED @ http://localhost:4173/:0
[ 2292445ms] [ERROR] Failed to load resource: net::ERR_CONNECTION_REFUSED @ http://localhost:4173/:0
[ 2293449ms] [ERROR] Failed to load resource: net::ERR_CONNECTION_REFUSED @ http://localhost:4173/:0
[ 2294454ms] [ERROR] Failed to load resource: net::ERR_CONNECTION_REFUSED @ http://localhost:4173/:0
[ 2295458ms] [ERROR] Failed to load resource: net::ERR_CONNECTION_REFUSED @ http://localhost:4173/:0
[ 2296462ms] [ERROR] Failed to load resource: net::ERR_CONNECTION_REFUSED @ http://localhost:4173/:0
[ 2297466ms] [ERROR] Failed to load resource: net::ERR_CONNECTION_REFUSED @ http://localhost:4173/:0
[ 2298469ms] [ERROR] Failed to load resource: net::ERR_CONNECTION_REFUSED @ http://localhost:4173/:0
[ 2299473ms] [ERROR] Failed to load resource: net::ERR_CONNECTION_REFUSED @ http://localhost:4173/:0
[ 2300478ms] [ERROR] Failed to load resource: net::ERR_CONNECTION_REFUSED @ http://localhost:4173/:0
[ 2301482ms] [ERROR] Failed to load resource: net::ERR_CONNECTION_REFUSED @ http://localhost:4173/:0
[ 2302487ms] [ERROR] Failed to load resource: net::ERR_CONNECTION_REFUSED @ http://localhost:4173/:0
[ 2303490ms] [ERROR] Failed to load resource: net::ERR_CONNECTION_REFUSED @ http://localhost:4173/:0
[ 2304495ms] [ERROR] Failed to load resource: net::ERR_CONNECTION_REFUSED @ http://localhost:4173/:0
[ 2305499ms] [ERROR] Failed to load resource: net::ERR_CONNECTION_REFUSED @ http://localhost:4173/:0
[ 2306504ms] [ERROR] Failed to load resource: net::ERR_CONNECTION_REFUSED @ http://localhost:4173/:0
[ 2307507ms] [ERROR] Failed to load resource: net::ERR_CONNECTION_REFUSED @ http://localhost:4173/:0
[ 2308515ms] [ERROR] Failed to load resource: net::ERR_CONNECTION_REFUSED @ http://localhost:4173/:0
[ 2309519ms] [ERROR] Failed to load resource: net::ERR_CONNECTION_REFUSED @ http://localhost:4173/:0
[ 2310529ms] [ERROR] Failed to load resource: net::ERR_CONNECTION_REFUSED @ http://localhost:4173/:0
[ 2311532ms] [ERROR] Failed to load resource: net::ERR_CONNECTION_REFUSED @ http://localhost:4173/:0
[ 2312535ms] [ERROR] Failed to load resource: net::ERR_CONNECTION_REFUSED @ http://localhost:4173/:0
[ 2313539ms] [ERROR] Failed to load resource: net::ERR_CONNECTION_REFUSED @ http://localhost:4173/:0
[ 2314544ms] [ERROR] Failed to load resource: net::ERR_CONNECTION_REFUSED @ http://localhost:4173/:0
[ 2315547ms] [ERROR] Failed to load resource: net::ERR_CONNECTION_REFUSED @ http://localhost:4173/:0
[ 2316550ms] [ERROR] Failed to load resource: net::ERR_CONNECTION_REFUSED @ http://localhost:4173/:0
[ 2317554ms] [ERROR] Failed to load resource: net::ERR_CONNECTION_REFUSED @ http://localhost:4173/:0
[ 2318557ms] [ERROR] Failed to load resource: net::ERR_CONNECTION_REFUSED @ http://localhost:4173/:0
[ 2319560ms] [ERROR] Failed to load resource: net::ERR_CONNECTION_REFUSED @ http://localhost:4173/:0
[ 2320563ms] [ERROR] Failed to load resource: net::ERR_CONNECTION_REFUSED @ http://localhost:4173/:0
[ 2321570ms] [ERROR] Failed to load resource: net::ERR_CONNECTION_REFUSED @ http://localhost:4173/:0
[ 2322574ms] [ERROR] Failed to load resource: net::ERR_CONNECTION_REFUSED @ http://localhost:4173/:0
[ 2323577ms] [ERROR] Failed to load resource: net::ERR_CONNECTION_REFUSED @ http://localhost:4173/:0
[ 2324581ms] [ERROR] Failed to load resource: net::ERR_CONNECTION_REFUSED @ http://localhost:4173/:0
[ 2325593ms] [ERROR] Failed to load resource: net::ERR_CONNECTION_REFUSED @ http://localhost:4173/:0
[ 2326596ms] [ERROR] Failed to load resource: net::ERR_CONNECTION_REFUSED @ http://localhost:4173/:0
[ 2327600ms] [ERROR] Failed to load resource: net::ERR_CONNECTION_REFUSED @ http://localhost:4173/:0
[ 2328607ms] [ERROR] Failed to load resource: net::ERR_CONNECTION_REFUSED @ http://localhost:4173/:0
[ 2329615ms] [ERROR] Failed to load resource: net::ERR_CONNECTION_REFUSED @ http://localhost:4173/:0
[ 2330619ms] [ERROR] Failed to load resource: net::ERR_CONNECTION_REFUSED @ http://localhost:4173/:0
[ 2331624ms] [ERROR] Failed to load resource: net::ERR_CONNECTION_REFUSED @ http://localhost:4173/:0
[ 2332628ms] [ERROR] Failed to load resource: net::ERR_CONNECTION_REFUSED @ http://localhost:4173/:0
[ 2333630ms] [ERROR] Failed to load resource: net::ERR_CONNECTION_REFUSED @ http://localhost:4173/:0
[ 2334633ms] [ERROR] Failed to load resource: net::ERR_CONNECTION_REFUSED @ http://localhost:4173/:0
[ 2335636ms] [ERROR] Failed to load resource: net::ERR_CONNECTION_REFUSED @ http://localhost:4173/:0
[ 2336639ms] [ERROR] Failed to load resource: net::ERR_CONNECTION_REFUSED @ http://localhost:4173/:0
[ 2337642ms] [ERROR] Failed to load resource: net::ERR_CONNECTION_REFUSED @ http://localhost:4173/:0
[ 2338646ms] [ERROR] Failed to load resource: net::ERR_CONNECTION_REFUSED @ http://localhost:4173/:0
[ 2339649ms] [ERROR] Failed to load resource: net::ERR_CONNECTION_REFUSED @ http://localhost:4173/:0
[ 2340652ms] [ERROR] Failed to load resource: net::ERR_CONNECTION_REFUSED @ http://localhost:4173/:0
[ 2341655ms] [ERROR] Failed to load resource: net::ERR_CONNECTION_REFUSED @ http://localhost:4173/:0
[ 2342658ms] [ERROR] Failed to load resource: net::ERR_CONNECTION_REFUSED @ http://localhost:4173/:0
[ 2343662ms] [ERROR] Failed to load resource: net::ERR_CONNECTION_REFUSED @ http://localhost:4173/:0
[ 2344665ms] [ERROR] Failed to load resource: net::ERR_CONNECTION_REFUSED @ http://localhost:4173/:0
[ 2345669ms] [ERROR] Failed to load resource: net::ERR_CONNECTION_REFUSED @ http://localhost:4173/:0
[ 2346674ms] [ERROR] Failed to load resource: net::ERR_CONNECTION_REFUSED @ http://localhost:4173/:0
[ 2347681ms] [ERROR] Failed to load resource: net::ERR_CONNECTION_REFUSED @ http://localhost:4173/:0
[ 2348685ms] [ERROR] Failed to load resource: net::ERR_CONNECTION_REFUSED @ http://localhost:4173/:0
[ 2349688ms] [ERROR] Failed to load resource: net::ERR_CONNECTION_REFUSED @ http://localhost:4173/:0
[ 2350691ms] [ERROR] Failed to load resource: net::ERR_CONNECTION_REFUSED @ http://localhost:4173/:0
[ 2351695ms] [ERROR] Failed to load resource: net::ERR_CONNECTION_REFUSED @ http://localhost:4173/:0
[ 2352698ms] [ERROR] Failed to load resource: net::ERR_CONNECTION_REFUSED @ http://localhost:4173/:0
[ 2353702ms] [ERROR] Failed to load resource: net::ERR_CONNECTION_REFUSED @ http://localhost:4173/:0
[ 2354705ms] [ERROR] Failed to load resource: net::ERR_CONNECTION_REFUSED @ http://localhost:4173/:0
[ 2355709ms] [ERROR] Failed to load resource: net::ERR_CONNECTION_REFUSED @ http://localhost:4173/:0
[ 2356712ms] [ERROR] Failed to load resource: net::ERR_CONNECTION_REFUSED @ http://localhost:4173/:0
[ 2357715ms] [ERROR] Failed to load resource: net::ERR_CONNECTION_REFUSED @ http://localhost:4173/:0
[ 2358720ms] [ERROR] Failed to load resource: net::ERR_CONNECTION_REFUSED @ http://localhost:4173/:0
[ 2359724ms] [ERROR] Failed to load resource: net::ERR_CONNECTION_REFUSED @ http://localhost:4173/:0
[ 2360727ms] [ERROR] Failed to load resource: net::ERR_CONNECTION_REFUSED @ http://localhost:4173/:0
[ 2361731ms] [ERROR] Failed to load resource: net::ERR_CONNECTION_REFUSED @ http://localhost:4173/:0
[ 2362735ms] [ERROR] Failed to load resource: net::ERR_CONNECTION_REFUSED @ http://localhost:4173/:0
[ 2363741ms] [ERROR] Failed to load resource: net::ERR_CONNECTION_REFUSED @ http://localhost:4173/:0
[ 2364744ms] [ERROR] Failed to load resource: net::ERR_CONNECTION_REFUSED @ http://localhost:4173/:0
[ 2365747ms] [ERROR] Failed to load resource: net::ERR_CONNECTION_REFUSED @ http://localhost:4173/:0
[ 2366750ms] [ERROR] Failed to load resource: net::ERR_CONNECTION_REFUSED @ http://localhost:4173/:0
[ 2367754ms] [ERROR] Failed to load resource: net::ERR_CONNECTION_REFUSED @ http://localhost:4173/:0
[ 2368756ms] [ERROR] Failed to load resource: net::ERR_CONNECTION_REFUSED @ http://localhost:4173/:0
[ 2369760ms] [ERROR] Failed to load resource: net::ERR_CONNECTION_REFUSED @ http://localhost:4173/:0
[ 2370764ms] [ERROR] Failed to load resource: net::ERR_CONNECTION_REFUSED @ http://localhost:4173/:0
[ 2371767ms] [ERROR] Failed to load resource: net::ERR_CONNECTION_REFUSED @ http://localhost:4173/:0
[ 2372773ms] [ERROR] Failed to load resource: net::ERR_CONNECTION_REFUSED @ http://localhost:4173/:0
[ 2373777ms] [ERROR] Failed to load resource: net::ERR_CONNECTION_REFUSED @ http://localhost:4173/:0
[ 2374780ms] [ERROR] Failed to load resource: net::ERR_CONNECTION_REFUSED @ http://localhost:4173/:0
[ 2375783ms] [ERROR] Failed to load resource: net::ERR_CONNECTION_REFUSED @ http://localhost:4173/:0
[ 2376790ms] [ERROR] Failed to load resource: net::ERR_CONNECTION_REFUSED @ http://localhost:4173/:0
[ 2377794ms] [ERROR] Failed to load resource: net::ERR_CONNECTION_REFUSED @ http://localhost:4173/:0
[ 2378798ms] [ERROR] Failed to load resource: net::ERR_CONNECTION_REFUSED @ http://localhost:4173/:0
[ 2379802ms] [ERROR] Failed to load resource: net::ERR_CONNECTION_REFUSED @ http://localhost:4173/:0
[ 2380806ms] [ERROR] Failed to load resource: net::ERR_CONNECTION_REFUSED @ http://localhost:4173/:0
[ 2381810ms] [ERROR] Failed to load resource: net::ERR_CONNECTION_REFUSED @ http://localhost:4173/:0
[ 2382815ms] [ERROR] Failed to load resource: net::ERR_CONNECTION_REFUSED @ http://localhost:4173/:0
[ 2383818ms] [ERROR] Failed to load resource: net::ERR_CONNECTION_REFUSED @ http://localhost:4173/:0
[ 2384822ms] [ERROR] Failed to load resource: net::ERR_CONNECTION_REFUSED @ http://localhost:4173/:0
[ 2385826ms] [ERROR] Failed to load resource: net::ERR_CONNECTION_REFUSED @ http://localhost:4173/:0
[ 2386831ms] [ERROR] Failed to load resource: net::ERR_CONNECTION_REFUSED @ http://localhost:4173/:0
[ 2387834ms] [ERROR] Failed to load resource: net::ERR_CONNECTION_REFUSED @ http://localhost:4173/:0
[ 2388839ms] [ERROR] Failed to load resource: net::ERR_CONNECTION_REFUSED @ http://localhost:4173/:0
[ 2389844ms] [ERROR] Failed to load resource: net::ERR_CONNECTION_REFUSED @ http://localhost:4173/:0
[ 2390848ms] [ERROR] Failed to load resource: net::ERR_CONNECTION_REFUSED @ http://localhost:4173/:0
[ 2391853ms] [ERROR] Failed to load resource: net::ERR_CONNECTION_REFUSED @ http://localhost:4173/:0
[ 2392856ms] [ERROR] Failed to load resource: net::ERR_CONNECTION_REFUSED @ http://localhost:4173/:0
[ 2393860ms] [ERROR] Failed to load resource: net::ERR_CONNECTION_REFUSED @ http://localhost:4173/:0
[ 2394864ms] [ERROR] Failed to load resource: net::ERR_CONNECTION_REFUSED @ http://localhost:4173/:0
[ 2395869ms] [ERROR] Failed to load resource: net::ERR_CONNECTION_REFUSED @ http://localhost:4173/:0
[ 2396873ms] [ERROR] Failed to load resource: net::ERR_CONNECTION_REFUSED @ http://localhost:4173/:0
[ 2397877ms] [ERROR] Failed to load resource: net::ERR_CONNECTION_REFUSED @ http://localhost:4173/:0
[ 2398881ms] [ERROR] Failed to load resource: net::ERR_CONNECTION_REFUSED @ http://localhost:4173/:0
[ 2399886ms] [ERROR] Failed to load resource: net::ERR_CONNECTION_REFUSED @ http://localhost:4173/:0
[ 2400890ms] [ERROR] Failed to load resource: net::ERR_CONNECTION_REFUSED @ http://localhost:4173/:0
[ 2401895ms] [ERROR] Failed to load resource: net::ERR_CONNECTION_REFUSED @ http://localhost:4173/:0
[ 2402899ms] [ERROR] Failed to load resource: net::ERR_CONNECTION_REFUSED @ http://localhost:4173/:0
[ 2403903ms] [ERROR] Failed to load resource: net::ERR_CONNECTION_REFUSED @ http://localhost:4173/:0
[ 2404907ms] [ERROR] Failed to load resource: net::ERR_CONNECTION_REFUSED @ http://localhost:4173/:0
[ 2405911ms] [ERROR] Failed to load resource: net::ERR_CONNECTION_REFUSED @ http://localhost:4173/:0
[ 2406915ms] [ERROR] Failed to load resource: net::ERR_CONNECTION_REFUSED @ http://localhost:4173/:0
[ 2407920ms] [ERROR] Failed to load resource: net::ERR_CONNECTION_REFUSED @ http://localhost:4173/:0
[ 2408923ms] [ERROR] Failed to load resource: net::ERR_CONNECTION_REFUSED @ http://localhost:4173/:0
[ 2409927ms] [ERROR] Failed to load resource: net::ERR_CONNECTION_REFUSED @ http://localhost:4173/:0
[ 2410931ms] [ERROR] Failed to load resource: net::ERR_CONNECTION_REFUSED @ http://localhost:4173/:0
[ 2411935ms] [ERROR] Failed to load resource: net::ERR_CONNECTION_REFUSED @ http://localhost:4173/:0
[ 2412937ms] [ERROR] Failed to load resource: net::ERR_CONNECTION_REFUSED @ http://localhost:4173/:0
[ 2413942ms] [ERROR] Failed to load resource: net::ERR_CONNECTION_REFUSED @ http://localhost:4173/:0
[ 2414945ms] [ERROR] Failed to load resource: net::ERR_CONNECTION_REFUSED @ http://localhost:4173/:0
[ 2415948ms] [ERROR] Failed to load resource: net::ERR_CONNECTION_REFUSED @ http://localhost:4173/:0
[ 2416951ms] [ERROR] Failed to load resource: net::ERR_CONNECTION_REFUSED @ http://localhost:4173/:0
[ 2417957ms] [ERROR] Failed to load resource: net::ERR_CONNECTION_REFUSED @ http://localhost:4173/:0
[ 2418961ms] [ERROR] Failed to load resource: net::ERR_CONNECTION_REFUSED @ http://localhost:4173/:0
[ 2419966ms] [ERROR] Failed to load resource: net::ERR_CONNECTION_REFUSED @ http://localhost:4173/:0
[ 2420970ms] [ERROR] Failed to load resource: net::ERR_CONNECTION_REFUSED @ http://localhost:4173/:0
[ 2421974ms] [ERROR] Failed to load resource: net::ERR_CONNECTION_REFUSED @ http://localhost:4173/:0
[ 2422976ms] [ERROR] Failed to load resource: net::ERR_CONNECTION_REFUSED @ http://localhost:4173/:0
[ 2423980ms] [ERROR] Failed to load resource: net::ERR_CONNECTION_REFUSED @ http://localhost:4173/:0
[ 2424983ms] [ERROR] Failed to load resource: net::ERR_CONNECTION_REFUSED @ http://localhost:4173/:0
[ 2425987ms] [ERROR] Failed to load resource: net::ERR_CONNECTION_REFUSED @ http://localhost:4173/:0
[ 2426994ms] [ERROR] Failed to load resource: net::ERR_CONNECTION_REFUSED @ http://localhost:4173/:0
[ 2427997ms] [ERROR] Failed to load resource: net::ERR_CONNECTION_REFUSED @ http://localhost:4173/:0
[ 2429002ms] [ERROR] Failed to load resource: net::ERR_CONNECTION_REFUSED @ http://localhost:4173/:0
[ 2430005ms] [ERROR] Failed to load resource: net::ERR_CONNECTION_REFUSED @ http://localhost:4173/:0
[ 2431009ms] [ERROR] Failed to load resource: net::ERR_CONNECTION_REFUSED @ http://localhost:4173/:0
[ 2432013ms] [ERROR] Failed to load resource: net::ERR_CONNECTION_REFUSED @ http://localhost:4173/:0
[ 2433016ms] [ERROR] Failed to load resource: net::ERR_CONNECTION_REFUSED @ http://localhost:4173/:0
[ 2434019ms] [ERROR] Failed to load resource: net::ERR_CONNECTION_REFUSED @ http://localhost:4173/:0
[ 2435021ms] [ERROR] Failed to load resource: net::ERR_CONNECTION_REFUSED @ http://localhost:4173/:0
[ 2436025ms] [ERROR] Failed to load resource: net::ERR_CONNECTION_REFUSED @ http://localhost:4173/:0
[ 2437028ms] [ERROR] Failed to load resource: net::ERR_CONNECTION_REFUSED @ http://localhost:4173/:0
[ 2438031ms] [ERROR] Failed to load resource: net::ERR_CONNECTION_REFUSED @ http://localhost:4173/:0
[ 2439034ms] [ERROR] Failed to load resource: net::ERR_CONNECTION_REFUSED @ http://localhost:4173/:0
[ 2440037ms] [ERROR] Failed to load resource: net::ERR_CONNECTION_REFUSED @ http://localhost:4173/:0
[ 2441040ms] [ERROR] Failed to load resource: net::ERR_CONNECTION_REFUSED @ http://localhost:4173/:0
[ 2442044ms] [ERROR] Failed to load resource: net::ERR_CONNECTION_REFUSED @ http://localhost:4173/:0
[ 2443047ms] [ERROR] Failed to load resource: net::ERR_CONNECTION_REFUSED @ http://localhost:4173/:0
[ 2444051ms] [ERROR] Failed to load resource: net::ERR_CONNECTION_REFUSED @ http://localhost:4173/:0
[ 2445054ms] [ERROR] Failed to load resource: net::ERR_CONNECTION_REFUSED @ http://localhost:4173/:0
[ 2446058ms] [ERROR] Failed to load resource: net::ERR_CONNECTION_REFUSED @ http://localhost:4173/:0
[ 2447061ms] [ERROR] Failed to load resource: net::ERR_CONNECTION_REFUSED @ http://localhost:4173/:0
[ 2448064ms] [ERROR] Failed to load resource: net::ERR_CONNECTION_REFUSED @ http://localhost:4173/:0
[ 2449067ms] [ERROR] Failed to load resource: net::ERR_CONNECTION_REFUSED @ http://localhost:4173/:0
[ 2450069ms] [ERROR] Failed to load resource: net::ERR_CONNECTION_REFUSED @ http://localhost:4173/:0
[ 2451073ms] [ERROR] Failed to load resource: net::ERR_CONNECTION_REFUSED @ http://localhost:4173/:0
[ 2452075ms] [ERROR] Failed to load resource: net::ERR_CONNECTION_REFUSED @ http://localhost:4173/:0
[ 2453079ms] [ERROR] Failed to load resource: net::ERR_CONNECTION_REFUSED @ http://localhost:4173/:0
[ 2454082ms] [ERROR] Failed to load resource: net::ERR_CONNECTION_REFUSED @ http://localhost:4173/:0
[ 2455086ms] [ERROR] Failed to load resource: net::ERR_CONNECTION_REFUSED @ http://localhost:4173/:0
[ 2456092ms] [ERROR] Failed to load resource: net::ERR_CONNECTION_REFUSED @ http://localhost:4173/:0
[ 2457096ms] [ERROR] Failed to load resource: net::ERR_CONNECTION_REFUSED @ http://localhost:4173/:0
[ 2458100ms] [ERROR] Failed to load resource: net::ERR_CONNECTION_REFUSED @ http://localhost:4173/:0
[ 2459103ms] [ERROR] Failed to load resource: net::ERR_CONNECTION_REFUSED @ http://localhost:4173/:0
[ 2460109ms] [ERROR] Failed to load resource: net::ERR_CONNECTION_REFUSED @ http://localhost:4173/:0
[ 2461113ms] [ERROR] Failed to load resource: net::ERR_CONNECTION_REFUSED @ http://localhost:4173/:0
[ 2462117ms] [ERROR] Failed to load resource: net::ERR_CONNECTION_REFUSED @ http://localhost:4173/:0
[ 2463120ms] [ERROR] Failed to load resource: net::ERR_CONNECTION_REFUSED @ http://localhost:4173/:0
[ 2464124ms] [ERROR] Failed to load resource: net::ERR_CONNECTION_REFUSED @ http://localhost:4173/:0
[ 2465128ms] [ERROR] Failed to load resource: net::ERR_CONNECTION_REFUSED @ http://localhost:4173/:0
[ 2466132ms] [ERROR] Failed to load resource: net::ERR_CONNECTION_REFUSED @ http://localhost:4173/:0
[ 2467136ms] [ERROR] Failed to load resource: net::ERR_CONNECTION_REFUSED @ http://localhost:4173/:0
[ 2468140ms] [ERROR] Failed to load resource: net::ERR_CONNECTION_REFUSED @ http://localhost:4173/:0
[ 2469143ms] [ERROR] Failed to load resource: net::ERR_CONNECTION_REFUSED @ http://localhost:4173/:0
[ 2470147ms] [ERROR] Failed to load resource: net::ERR_CONNECTION_REFUSED @ http://localhost:4173/:0
[ 2471151ms] [ERROR] Failed to load resource: net::ERR_CONNECTION_REFUSED @ http://localhost:4173/:0
[ 2472154ms] [ERROR] Failed to load resource: net::ERR_CONNECTION_REFUSED @ http://localhost:4173/:0
[ 2473158ms] [ERROR] Failed to load resource: net::ERR_CONNECTION_REFUSED @ http://localhost:4173/:0
[ 2474162ms] [ERROR] Failed to load resource: net::ERR_CONNECTION_REFUSED @ http://localhost:4173/:0
[ 2475164ms] [ERROR] Failed to load resource: net::ERR_CONNECTION_REFUSED @ http://localhost:4173/:0
[ 2476167ms] [ERROR] Failed to load resource: net::ERR_CONNECTION_REFUSED @ http://localhost:4173/:0
[ 2477169ms] [ERROR] Failed to load resource: net::ERR_CONNECTION_REFUSED @ http://localhost:4173/:0
[ 2478172ms] [ERROR] Failed to load resource: net::ERR_CONNECTION_REFUSED @ http://localhost:4173/:0
[ 2479175ms] [ERROR] Failed to load resource: net::ERR_CONNECTION_REFUSED @ http://localhost:4173/:0
[ 2480178ms] [ERROR] Failed to load resource: net::ERR_CONNECTION_REFUSED @ http://localhost:4173/:0
[ 2481182ms] [ERROR] Failed to load resource: net::ERR_CONNECTION_REFUSED @ http://localhost:4173/:0
[ 2482185ms] [ERROR] Failed to load resource: net::ERR_CONNECTION_REFUSED @ http://localhost:4173/:0
[ 2483188ms] [ERROR] Failed to load resource: net::ERR_CONNECTION_REFUSED @ http://localhost:4173/:0
[ 2484194ms] [ERROR] Failed to load resource: net::ERR_CONNECTION_REFUSED @ http://localhost:4173/:0
[ 2485198ms] [ERROR] Failed to load resource: net::ERR_CONNECTION_REFUSED @ http://localhost:4173/:0
[ 2486202ms] [ERROR] Failed to load resource: net::ERR_CONNECTION_REFUSED @ http://localhost:4173/:0
[ 2487205ms] [ERROR] Failed to load resource: net::ERR_CONNECTION_REFUSED @ http://localhost:4173/:0
[ 2488207ms] [ERROR] Failed to load resource: net::ERR_CONNECTION_REFUSED @ http://localhost:4173/:0
[ 2489211ms] [ERROR] Failed to load resource: net::ERR_CONNECTION_REFUSED @ http://localhost:4173/:0
[ 2490217ms] [ERROR] Failed to load resource: net::ERR_CONNECTION_REFUSED @ http://localhost:4173/:0
[ 2491219ms] [ERROR] Failed to load resource: net::ERR_CONNECTION_REFUSED @ http://localhost:4173/:0
[ 2492222ms] [ERROR] Failed to load resource: net::ERR_CONNECTION_REFUSED @ http://localhost:4173/:0
[ 2493224ms] [ERROR] Failed to load resource: net::ERR_CONNECTION_REFUSED @ http://localhost:4173/:0
[ 2494229ms] [ERROR] Failed to load resource: net::ERR_CONNECTION_REFUSED @ http://localhost:4173/:0
[ 2495231ms] [ERROR] Failed to load resource: net::ERR_CONNECTION_REFUSED @ http://localhost:4173/:0
[ 2496234ms] [ERROR] Failed to load resource: net::ERR_CONNECTION_REFUSED @ http://localhost:4173/:0
[ 2497238ms] [ERROR] Failed to load resource: net::ERR_CONNECTION_REFUSED @ http://localhost:4173/:0
[ 2498241ms] [ERROR] Failed to load resource: net::ERR_CONNECTION_REFUSED @ http://localhost:4173/:0
[ 2499244ms] [ERROR] Failed to load resource: net::ERR_CONNECTION_REFUSED @ http://localhost:4173/:0
[ 2500248ms] [ERROR] Failed to load resource: net::ERR_CONNECTION_REFUSED @ http://localhost:4173/:0
[ 2501250ms] [ERROR] Failed to load resource: net::ERR_CONNECTION_REFUSED @ http://localhost:4173/:0
[ 2502254ms] [ERROR] Failed to load resource: net::ERR_CONNECTION_REFUSED @ http://localhost:4173/:0
[ 2503257ms] [ERROR] Failed to load resource: net::ERR_CONNECTION_REFUSED @ http://localhost:4173/:0
[ 2504264ms] [ERROR] Failed to load resource: net::ERR_CONNECTION_REFUSED @ http://localhost:4173/:0
[ 2505270ms] [ERROR] Failed to load resource: net::ERR_CONNECTION_REFUSED @ http://localhost:4173/:0
[ 2506272ms] [ERROR] Failed to load resource: net::ERR_CONNECTION_REFUSED @ http://localhost:4173/:0
[ 2507276ms] [ERROR] Failed to load resource: net::ERR_CONNECTION_REFUSED @ http://localhost:4173/:0
[ 2508280ms] [ERROR] Failed to load resource: net::ERR_CONNECTION_REFUSED @ http://localhost:4173/:0
[ 2509285ms] [ERROR] Failed to load resource: net::ERR_CONNECTION_REFUSED @ http://localhost:4173/:0
[ 2510287ms] [ERROR] Failed to load resource: net::ERR_CONNECTION_REFUSED @ http://localhost:4173/:0
[ 2511292ms] [ERROR] Failed to load resource: net::ERR_CONNECTION_REFUSED @ http://localhost:4173/:0
[ 2512295ms] [ERROR] Failed to load resource: net::ERR_CONNECTION_REFUSED @ http://localhost:4173/:0
[ 2513299ms] [ERROR] Failed to load resource: net::ERR_CONNECTION_REFUSED @ http://localhost:4173/:0
[ 2514302ms] [ERROR] Failed to load resource: net::ERR_CONNECTION_REFUSED @ http://localhost:4173/:0
[ 2515305ms] [ERROR] Failed to load resource: net::ERR_CONNECTION_REFUSED @ http://localhost:4173/:0
[ 2516309ms] [ERROR] Failed to load resource: net::ERR_CONNECTION_REFUSED @ http://localhost:4173/:0
[ 2517312ms] [ERROR] Failed to load resource: net::ERR_CONNECTION_REFUSED @ http://localhost:4173/:0
[ 2518315ms] [ERROR] Failed to load resource: net::ERR_CONNECTION_REFUSED @ http://localhost:4173/:0
[ 2519319ms] [ERROR] Failed to load resource: net::ERR_CONNECTION_REFUSED @ http://localhost:4173/:0
[ 2520322ms] [ERROR] Failed to load resource: net::ERR_CONNECTION_REFUSED @ http://localhost:4173/:0
[ 2521325ms] [ERROR] Failed to load resource: net::ERR_CONNECTION_REFUSED @ http://localhost:4173/:0
[ 2522328ms] [ERROR] Failed to load resource: net::ERR_CONNECTION_REFUSED @ http://localhost:4173/:0
[ 2523335ms] [ERROR] Failed to load resource: net::ERR_CONNECTION_REFUSED @ http://localhost:4173/:0
[ 2524338ms] [ERROR] Failed to load resource: net::ERR_CONNECTION_REFUSED @ http://localhost:4173/:0
[ 2525342ms] [ERROR] Failed to load resource: net::ERR_CONNECTION_REFUSED @ http://localhost:4173/:0
[ 2526346ms] [ERROR] Failed to load resource: net::ERR_CONNECTION_REFUSED @ http://localhost:4173/:0
[ 2527349ms] [ERROR] Failed to load resource: net::ERR_CONNECTION_REFUSED @ http://localhost:4173/:0
[ 2528357ms] [ERROR] Failed to load resource: net::ERR_CONNECTION_REFUSED @ http://localhost:4173/:0
[ 2529361ms] [ERROR] Failed to load resource: net::ERR_CONNECTION_REFUSED @ http://localhost:4173/:0
[ 2530364ms] [ERROR] Failed to load resource: net::ERR_CONNECTION_REFUSED @ http://localhost:4173/:0
[ 2531370ms] [ERROR] Failed to load resource: net::ERR_CONNECTION_REFUSED @ http://localhost:4173/:0
[ 2532373ms] [ERROR] Failed to load resource: net::ERR_CONNECTION_REFUSED @ http://localhost:4173/:0
[ 2533377ms] [ERROR] Failed to load resource: net::ERR_CONNECTION_REFUSED @ http://localhost:4173/:0
[ 2534381ms] [ERROR] Failed to load resource: net::ERR_CONNECTION_REFUSED @ http://localhost:4173/:0
[ 2535384ms] [ERROR] Failed to load resource: net::ERR_CONNECTION_REFUSED @ http://localhost:4173/:0
[ 2536387ms] [ERROR] Failed to load resource: net::ERR_CONNECTION_REFUSED @ http://localhost:4173/:0
[ 2537391ms] [ERROR] Failed to load resource: net::ERR_CONNECTION_REFUSED @ http://localhost:4173/:0
[ 2538394ms] [ERROR] Failed to load resource: net::ERR_CONNECTION_REFUSED @ http://localhost:4173/:0
[ 2539397ms] [ERROR] Failed to load resource: net::ERR_CONNECTION_REFUSED @ http://localhost:4173/:0
[ 2540400ms] [ERROR] Failed to load resource: net::ERR_CONNECTION_REFUSED @ http://localhost:4173/:0
[ 2541405ms] [ERROR] Failed to load resource: net::ERR_CONNECTION_REFUSED @ http://localhost:4173/:0
[ 2542409ms] [ERROR] Failed to load resource: net::ERR_CONNECTION_REFUSED @ http://localhost:4173/:0
[ 2543414ms] [ERROR] Failed to load resource: net::ERR_CONNECTION_REFUSED @ http://localhost:4173/:0
[ 2544417ms] [ERROR] Failed to load resource: net::ERR_CONNECTION_REFUSED @ http://localhost:4173/:0
[ 2545422ms] [ERROR] Failed to load resource: net::ERR_CONNECTION_REFUSED @ http://localhost:4173/:0
[ 2546425ms] [ERROR] Failed to load resource: net::ERR_CONNECTION_REFUSED @ http://localhost:4173/:0
[ 2547428ms] [ERROR] Failed to load resource: net::ERR_CONNECTION_REFUSED @ http://localhost:4173/:0
[ 2548435ms] [ERROR] Failed to load resource: net::ERR_CONNECTION_REFUSED @ http://localhost:4173/:0
[ 2549439ms] [ERROR] Failed to load resource: net::ERR_CONNECTION_REFUSED @ http://localhost:4173/:0
[ 2550444ms] [ERROR] Failed to load resource: net::ERR_CONNECTION_REFUSED @ http://localhost:4173/:0
[ 2551448ms] [ERROR] Failed to load resource: net::ERR_CONNECTION_REFUSED @ http://localhost:4173/:0
[ 2552451ms] [ERROR] Failed to load resource: net::ERR_CONNECTION_REFUSED @ http://localhost:4173/:0
[ 2553455ms] [ERROR] Failed to load resource: net::ERR_CONNECTION_REFUSED @ http://localhost:4173/:0
[ 2554459ms] [ERROR] Failed to load resource: net::ERR_CONNECTION_REFUSED @ http://localhost:4173/:0
[ 2555463ms] [ERROR] Failed to load resource: net::ERR_CONNECTION_REFUSED @ http://localhost:4173/:0
[ 2556468ms] [ERROR] Failed to load resource: net::ERR_CONNECTION_REFUSED @ http://localhost:4173/:0
[ 2557476ms] [ERROR] Failed to load resource: net::ERR_CONNECTION_REFUSED @ http://localhost:4173/:0
[ 2558481ms] [ERROR] Failed to load resource: net::ERR_CONNECTION_REFUSED @ http://localhost:4173/:0
[ 2559485ms] [ERROR] Failed to load resource: net::ERR_CONNECTION_REFUSED @ http://localhost:4173/:0
[ 2560488ms] [ERROR] Failed to load resource: net::ERR_CONNECTION_REFUSED @ http://localhost:4173/:0
[ 2561492ms] [ERROR] Failed to load resource: net::ERR_CONNECTION_REFUSED @ http://localhost:4173/:0
[ 2562495ms] [ERROR] Failed to load resource: net::ERR_CONNECTION_REFUSED @ http://localhost:4173/:0
[ 2563499ms] [ERROR] Failed to load resource: net::ERR_CONNECTION_REFUSED @ http://localhost:4173/:0
[ 2564504ms] [ERROR] Failed to load resource: net::ERR_CONNECTION_REFUSED @ http://localhost:4173/:0
[ 2565507ms] [ERROR] Failed to load resource: net::ERR_CONNECTION_REFUSED @ http://localhost:4173/:0
[ 2566510ms] [ERROR] Failed to load resource: net::ERR_CONNECTION_REFUSED @ http://localhost:4173/:0
[ 2567514ms] [ERROR] Failed to load resource: net::ERR_CONNECTION_REFUSED @ http://localhost:4173/:0
[ 2568518ms] [ERROR] Failed to load resource: net::ERR_CONNECTION_REFUSED @ http://localhost:4173/:0
[ 2569522ms] [ERROR] Failed to load resource: net::ERR_CONNECTION_REFUSED @ http://localhost:4173/:0
[ 2570526ms] [ERROR] Failed to load resource: net::ERR_CONNECTION_REFUSED @ http://localhost:4173/:0
[ 2571530ms] [ERROR] Failed to load resource: net::ERR_CONNECTION_REFUSED @ http://localhost:4173/:0
[ 2572533ms] [ERROR] Failed to load resource: net::ERR_CONNECTION_REFUSED @ http://localhost:4173/:0
[ 2573536ms] [ERROR] Failed to load resource: net::ERR_CONNECTION_REFUSED @ http://localhost:4173/:0
[ 2574540ms] [ERROR] Failed to load resource: net::ERR_CONNECTION_REFUSED @ http://localhost:4173/:0
[ 2575548ms] [ERROR] Failed to load resource: net::ERR_CONNECTION_REFUSED @ http://localhost:4173/:0
[ 2576552ms] [ERROR] Failed to load resource: net::ERR_CONNECTION_REFUSED @ http://localhost:4173/:0
[ 2577555ms] [ERROR] Failed to load resource: net::ERR_CONNECTION_REFUSED @ http://localhost:4173/:0
[ 2578562ms] [ERROR] Failed to load resource: net::ERR_CONNECTION_REFUSED @ http://localhost:4173/:0
[ 2579565ms] [ERROR] Failed to load resource: net::ERR_CONNECTION_REFUSED @ http://localhost:4173/:0
[ 2580568ms] [ERROR] Failed to load resource: net::ERR_CONNECTION_REFUSED @ http://localhost:4173/:0
[ 2581571ms] [ERROR] Failed to load resource: net::ERR_CONNECTION_REFUSED @ http://localhost:4173/:0
[ 2582577ms] [ERROR] Failed to load resource: net::ERR_CONNECTION_REFUSED @ http://localhost:4173/:0
[ 2583580ms] [ERROR] Failed to load resource: net::ERR_CONNECTION_REFUSED @ http://localhost:4173/:0
[ 2584584ms] [ERROR] Failed to load resource: net::ERR_CONNECTION_REFUSED @ http://localhost:4173/:0
[ 2585588ms] [ERROR] Failed to load resource: net::ERR_CONNECTION_REFUSED @ http://localhost:4173/:0
[ 2586590ms] [ERROR] Failed to load resource: net::ERR_CONNECTION_REFUSED @ http://localhost:4173/:0
[ 2587593ms] [ERROR] Failed to load resource: net::ERR_CONNECTION_REFUSED @ http://localhost:4173/:0
[ 2588600ms] [ERROR] Failed to load resource: net::ERR_CONNECTION_REFUSED @ http://localhost:4173/:0
